Totals,PlayerID,Year,Position Estimate,+/- Per 100 Poss.,Turnovers,Fouls Committed,Fouls Drawn,Misc.,Rk,Player,Pos,Age,Tm,G,MP,PG%,SG%,SF%,PF%,C%,OnCourt,On-Off,BadPass,LostBall,Shoot,Off.,Shoot,Off.,PGA,And1,Blkd
Alex Acker,ackeral01,2009,SG,26,TOT,25,199,15%,75%,10%,,,-0.3,8.9,1,5,5,1,5,1,29,0,3
Alex Acker,ackeral01,2009,SG,26,DET,7,20,,100%,,,,44.0,44.7,0,0,0,0,1,1,3,0,0
Alex Acker,ackeral01,2009,SG,26,LAC,18,179,17%,72%,11%,,,-5.3,4.9,1,5,5,1,4,0,26,0,3
Hassan Adams,adamsha01,2009,SG,24,TOR,12,52,,35%,65%,,,-15.0,-12.2,2,1,3,0,3,1,2,0,4
Arron Afflalo,afflaar01,2009,SG,23,DET,74,1234,,55%,45%,,,0.1,0.8,14,10,77,3,25,1,95,7,14
Maurice Ager,agerma01,2009,SG,24,NJN,20,97,71%,28%,2%,,,-5.6,-2.9,3,0,8,1,4,2,7,0,4
Blake Ahearn,ahearbl01,2009,PG,24,SAS,3,19,100%,,,,,18.6,14.6,0,1,3,0,0,0,5,0,1
Alexis Ajinca,ajincal01,2009,PF,20,CHA,31,182,,,,72%,28%,1.2,2.7,4,2,14,3,8,4,7,0,5
LaMarcus Aldridge,aldrila01,2009,PF,23,POR,81,3004,,,,82%,18%,8.8,10.2,27,42,113,34,156,3,398,33,51
Joe Alexander,alexajo01,2009,SF,22,MIL,59,716,,4%,60%,35%,1%,-3.3,-2.5,25,13,60,7,38,11,90,6,20
Malik Allen,allenma01,2009,PF,30,MIL,49,579,,,,56%,44%,-1.2,0.1,7,5,63,4,8,4,85,2,12
Ray Allen,allenra02,2009,SG,33,BOS,79,2876,,81%,19%,,,11.4,10.8,68,47,95,6,81,13,477,20,38
Tony Allen,allento01,2009,SG,27,BOS,46,887,,81%,19%,,,6.7,-2.2,26,18,37,21,59,5,147,23,29
Morris Almond,almonmo01,2009,SG,23,UTA,25,255,,81%,17%,2%,,-7.4,-10.9,5,5,19,3,13,0,17,4,7
Rafer Alston,alstora01,2009,PG,32,TOT,77,2447,90%,11%,,,,3.9,-2.6,96,27,63,8,66,9,931,6,38
Rafer Alston,alstora01,2009,PG,32,HOU,48,1591,84%,16%,,,,2.9,-2.7,59,19,33,3,32,4,584,1,19
Rafer Alston,alstora01,2009,PG,32,ORL,29,856,100%,,,,,5.8,-2.5,37,8,30,5,34,5,347,5,19
Lou Amundson,amundlo01,2009,PF,26,PHO,76,1044,,,5%,71%,24%,2.8,1.0,19,22,85,5,57,16,61,16,26
Chris Andersen,anderch01,2009,C,30,DEN,71,1460,,,,33%,67%,3.8,0.3,27,15,105,14,72,20,70,9,26
Ryan Anderson,anderry01,2009,PF,20,NJN,66,1312,,,1%,84%,15%,-0.9,2.8,16,24,101,11,53,10,117,8,53
Carmelo Anthony,anthoca01,2009,SF,24,DEN,66,2277,,3%,95%,2%,,6.8,7.5,70,59,67,39,196,10,480,38,82
Joel Anthony,anthojo01,2009,C,26,MIA,65,1048,,,,5%,95%,-3.7,-5.1,12,13,95,8,21,8,66,4,18
Gilbert Arenas,arenagi01,2009,PG,27,WAS,2,63,100%,,,,,2.7,11.1,1,0,1,0,2,0,42,0,2
Trevor Ariza,arizatr01,2009,SF,23,LAL,82,1999,,4%,94%,2%,,8.1,-0.1,44,15,63,8,80,15,324,21,32
Hilton Armstrong,armsthi01,2009,C,24,NOH,70,1092,,,,,100%,-2.9,-6.6,14,29,75,19,47,13,60,7,22
Darrell Arthur,arthuda01,2009,PF,20,MEM,76,1464,,,,81%,19%,-7.6,-2.8,15,9,111,12,27,13,101,8,41
Chucky Atkins,atkinch01,2009,PG,34,TOT,33,412,100%,,,,,-7.0,-3.4,16,4,8,1,3,1,132,0,4
Chucky Atkins,atkinch01,2009,PG,34,DEN,14,115,100%,,,,,4.1,0.5,8,1,1,0,0,0,65,0,0
Chucky Atkins,atkinch01,2009,PG,34,OKC,19,297,100%,,,,,-11.3,-4.9,8,3,7,1,3,1,67,0,4
D.J. Augustin,augusdj01,2009,PG,21,CHA,72,1908,100%,,,,,-1.1,0.6,73,32,58,7,79,14,564,9,56
Kelenna Azubuike,azubuke01,2009,SF,25,GSW,74,2375,3%,31%,58%,8%,1%,-2.7,3.0,26,27,88,21,110,17,272,31,57
Renaldo Balkman,balkmre01,2009,PF,24,DEN,53,780,,,5%,87%,8%,3.6,0.0,13,12,63,4,33,6,82,10,19
Marcus Banks,banksma01,2009,PG,27,TOT,22,206,73%,27%,,,,-22.5,-22.8,3,4,9,6,5,1,63,2,2
Marcus Banks,banksma01,2009,PG,27,MIA,16,166,66%,34%,,,,-21.5,-22.5,2,4,7,4,4,1,50,1,2
Marcus Banks,banksma01,2009,PG,27,TOR,6,40,100%,,,,,-26.5,-23.7,1,0,2,2,1,0,13,1,0
Leandro Barbosa,barbole01,2009,SG,26,PHO,70,1705,37%,63%,,,,0.3,-3.1,52,15,47,14,90,10,364,29,47
J.J. Barea,bareajo01,2009,SG,24,DAL,79,1600,62%,39%,,,,1.7,-1.3,57,33,50,8,40,44,609,5,41
Andrea Bargnani,bargnan01,2009,PF,23,TOR,78,2453,,,9%,77%,14%,-5.6,-6.9,34,37,113,29,113,20,209,20,41
Matt Barnes,barnema02,2009,PF,28,PHO,77,2082,,,46%,53%,2%,1.4,-1.5,85,22,117,11,56,4,470,12,25
Brent Barry,barrybr01,2009,SG,37,HOU,56,857,1%,91%,8%,,,1.1,-4.3,32,7,24,2,4,10,176,0,6
Brandon Bass,bassbr01,2009,C,23,DAL,81,1574,,,,28%,72%,3.3,1.4,22,24,71,22,100,2,100,20,51
Maceo Baston,bastoma01,2009,PF,33,IND,27,217,,,1%,88%,11%,-2.9,-1.8,5,3,22,2,8,10,17,1,6
Tony Battie,battito01,2009,PF,32,ORL,77,1202,,,,72%,28%,6.0,-2.5,19,12,86,3,34,5,72,8,7
Shane Battier,battish01,2009,SG,30,HOU,60,2031,,48%,48%,4%,,6.6,4.4,25,11,70,5,25,26,300,2,8
Nicolas Batum,batumni01,2009,SF,20,POR,79,1454,,1%,98%,1%,,9.8,5.5,20,13,42,4,25,11,171,4,20
Jerryd Bayless,bayleje01,2009,PG,20,POR,53,655,71%,29%,,,,-0.7,-8.4,28,12,24,8,42,6,183,8,24
Michael Beasley,beaslmi01,2009,PF,20,MIA,81,2009,,,,52%,48%,-0.6,-1.3,21,46,92,27,119,5,208,27,75
Marco Belinelli,belinma01,2009,SG,22,GSW,42,882,7%,81%,12%,,,-4.7,-0.9,37,16,32,2,18,22,198,6,15
Charlie Bell,bellch01,2009,SG,29,MIL,70,1783,2%,91%,7%,,,-3.4,-3.7,44,18,54,4,27,32,343,4,21
Raja Bell,bellra01,2009,SG,32,TOT,67,2315,,94%,6%,,,1.5,3.1,49,11,76,10,19,28,316,1,20
Raja Bell,bellra01,2009,SG,32,PHO,22,712,,94%,6%,,,2.1,-0.1,10,2,19,2,5,4,68,0,9
Raja Bell,bellra01,2009,SG,32,CHA,45,1603,,94%,6%,,,1.3,4.6,39,9,57,8,14,24,248,1,11
Mike Bibby,bibbymi01,2009,PG,30,ATL,79,2740,100%,,,,,0.7,-4.0,84,27,56,14,45,21,869,15,20
Andris Biedrins,biedran01,2009,C,22,GSW,62,1863,,,,,100%,-4.8,-1.6,33,40,145,15,102,12,278,29,47
Chauncey Billups,billuch01,2009,PG,32,TOT,79,2789,73%,27%,,,,4.9,3.6,99,51,62,20,143,9,1129,26,60
Chauncey Billups,billuch01,2009,PG,32,DET,2,70,100%,,,,,13.2,13.9,4,0,1,0,1,0,35,0,2
Chauncey Billups,billuch01,2009,PG,32,DEN,77,2719,72%,28%,,,,4.7,3.3,95,51,61,20,142,9,1094,26,58
Steve Blake,blakest01,2009,PG,28,POR,69,2188,100%,,,,,9.7,7.6,78,20,46,2,15,26,767,1,16
Andray Blatche,blatcan01,2009,C,22,WAS,71,1703,,,2%,14%,84%,-6.1,3.8,42,35,106,16,76,14,256,16,58
Mark Blount,blounma01,2009,C,33,MIA,20,207,,,,,100%,3.5,3.6,4,6,9,1,6,2,11,1,3
Keith Bogans,boganke01,2009,SG,28,TOT,65,1272,,60%,40%,1%,,3.5,-0.9,22,11,41,4,23,14,154,0,16
Keith Bogans,boganke01,2009,SG,28,ORL,36,787,,77%,23%,,,7.7,-0.2,10,4,21,3,10,7,76,0,10
Keith Bogans,boganke01,2009,SG,28,MIL,29,485,,31%,67%,3%,,-3.2,-2.2,12,7,20,1,13,7,78,0,6
Andrew Bogut,bogutan01,2009,C,24,MIL,36,1124,,,,,100%,4.1,7.5,23,33,65,18,45,30,158,12,25
Matt Bonner,bonnema01,2009,PF,28,SAS,81,1928,,,,78%,22%,8.3,8.3,20,6,88,4,9,13,190,4,12
Josh Boone,boonejo01,2009,C,24,NJN,62,995,,,,,100%,-1.7,1.4,12,12,75,3,37,3,72,8,17
Calvin Booth,boothca01,2009,C,32,TOT,8,56,,,,11%,89%,-22.8,-13.6,1,0,6,0,4,0,0,0,1
Calvin Booth,boothca01,2009,C,32,MIN,1,1,,,,,100%,100.0,105.6,0,0,0,0,0,0,0,0,0
Calvin Booth,boothca01,2009,C,32,SAC,7,55,,,,11%,89%,-25.0,-15.8,1,0,6,0,4,0,0,0,1
Carlos Boozer,boozeca01,2009,PF,27,UTA,37,1197,,,,59%,41%,-1.8,-6.6,24,31,66,14,60,2,173,9,53
Chris Bosh,boshch01,2009,C,24,TOR,77,2928,,,,6%,94%,-1.4,5.9,62,66,97,21,285,24,436,55,83
Bruce Bowen,bowenbr01,2009,SF,37,SAS,80,1506,,39%,55%,6%,,0.2,-6.1,12,7,46,3,9,22,93,5,8
Ryan Bowen,bowenry01,2009,SF,33,NOH,21,219,,31%,46%,23%,,-6.1,-8.4,1,1,17,1,2,1,24,1,1
Elton Brand,brandel01,2009,PF,29,PHI,29,920,,,,74%,26%,-0.4,-0.4,21,22,43,8,56,5,86,12,20
Corey Brewer,breweco01,2009,SF,22,MIN,15,307,,81%,19%,,,0.1,6.2,7,2,17,3,8,5,54,3,11
Ronnie Brewer,brewero02,2009,SF,23,UTA,81,2605,,12%,84%,5%,,1.7,-3.3,50,35,61,7,181,23,398,48,61
Aaron Brooks,brookaa01,2009,PG,24,HOU,80,1998,100%,,,,,4.7,0.4,69,39,77,9,56,14,544,15,55
Andre Brown,brownan01,2009,PF,27,CHA,4,41,,,,49%,51%,-6.6,-5.3,2,2,4,1,1,0,2,0,1
Bobby Brown,brownbo02,2009,SG-PG,24,TOT,68,931,44%,55%,,,,-11.9,-4.2,34,18,40,4,19,8,262,6,17
Bobby Brown,brownbo02,2009,SG,24,SAC,47,675,33%,66%,1%,,,-14.6,-6.2,25,14,29,3,14,6,197,3,9
Bobby Brown,brownbo02,2009,PG,24,MIN,21,256,74%,27%,,,,-4.9,0.8,9,4,11,1,5,2,65,3,8
Dee Brown,brownde03,2009,PG,24,TOT,19,261,100%,,,,,-5.8,1.5,11,5,11,1,3,4,84,1,1
Dee Brown,brownde03,2009,PG,24,WAS,17,233,100%,,,,,-5.4,3.1,9,4,8,1,2,4,78,1,1
Dee Brown,brownde03,2009,PG,24,PHO,2,28,100%,,,,,-8.9,-11.1,2,1,3,0,1,0,6,0,0
Devin Brown,brownde02,2009,SG,30,NOH,63,869,25%,74%,1%,,,1.7,-0.3,20,12,33,8,51,4,129,11,30
Kwame Brown,brownkw01,2009,C,26,DET,58,999,,,,,100%,0.3,1.0,7,15,81,16,57,14,71,10,16
Shannon Brown,brownsh01,2009,SG,23,TOT,48,477,28%,68%,4%,,,-3.1,-5.0,21,10,23,4,16,4,87,4,12
Shannon Brown,brownsh01,2009,SG,23,CHA,30,341,6%,89%,6%,,,-10.3,-9.8,18,6,18,3,11,2,65,2,10
Shannon Brown,brownsh01,2009,SG,23,LAL,18,136,84%,16%,,,,14.9,7.0,3,4,5,1,5,2,22,2,2
Kobe Bryant,bryanko01,2009,SG,30,LAL,82,2960,6%,94%,,,,11.0,11.1,100,71,55,16,226,8,914,57,64
Greg Buckner,buckngr01,2009,SF,32,MEM,63,878,1%,45%,53%,1%,,-1.8,5.2,19,5,51,5,5,13,132,1,11
Caron Butler,butleca01,2009,SG,28,WAS,67,2585,,40%,59%,,,-7.9,1.0,101,54,66,23,172,4,646,43,68
Rasual Butler,butlera01,2009,SF,29,NOH,82,2614,,46%,48%,7%,,0.0,-5.7,16,18,96,10,47,11,168,12,25
Andrew Bynum,bynuman01,2009,C,21,LAL,50,1446,,,,,100%,8.3,0.1,17,24,92,18,119,3,160,35,37
Will Bynum,bynumwi01,2009,PG,26,DET,57,803,87%,13%,,,,3.1,4.5,39,22,23,8,52,4,357,9,35
Jose Calderon,caldejo01,2009,PG,27,TOR,68,2333,98%,2%,,,,-2.9,0.3,95,31,44,10,33,18,1359,9,21
Marcus Camby,cambyma01,2009,C,34,LAC,62,1925,,,,24%,77%,-6.0,7.7,53,25,88,5,81,10,266,16,20
Brian Cardinal,cardibr01,2009,PF,31,MIN,64,909,,,3%,65%,32%,-0.2,7.0,31,7,70,9,9,21,173,1,9
Rodney Carney,carnero01,2009,SG,24,MIN,67,1199,,65%,35%,,,-5.3,0.4,18,14,56,2,30,4,58,5,13
Matt Carroll,carroma01,2009,SG,28,TOT,55,616,1%,67%,32%,,,-11.4,-11.8,12,12,29,3,9,4,57,4,4
Matt Carroll,carroma01,2009,SG,28,CHA,34,475,,61%,39%,,,-8.9,-8.6,11,8,25,2,6,3,50,4,4
Matt Carroll,carroma01,2009,SG,28,DAL,21,141,5%,85%,11%,,,-19.5,-22.7,1,4,4,1,3,1,7,0,0
Anthony Carter,cartean01,2009,PG,33,DEN,78,1787,97%,3%,,,,2.8,-1.5,111,24,69,8,24,9,826,7,14
Vince Carter,cartevi01,2009,SG,32,NJN,80,2946,3%,79%,18%,,,-2.3,1.9,85,39,133,23,155,11,891,34,50
Mario Chalmers,chalmma01,2009,PG,22,MIA,82,2626,97%,4%,,,,0.4,0.8,90,43,98,18,71,31,879,17,31
Tyson Chandler,chandty01,2009,C,26,NOH,45,1445,,,,,100%,7.5,8.8,13,16,77,19,60,3,52,13,13
Wilson Chandler,chandwi01,2009,SF,21,NYK,82,2735,,18%,55%,26%,,-4.0,-4.0,56,30,164,19,104,13,416,30,43
Speedy Claxton,claxtsp01,2009,PG,30,ATL,2,15,100%,,,,,-14.3,-16.2,0,0,0,0,1,1,6,0,2
Jarron Collins,collija03,2009,C,30,UTA,26,201,,,,12%,88%,-8.2,-11.5,2,4,24,1,4,4,14,1,8
Jason Collins,collija04,2009,C,30,MIN,31,422,,,,,100%,-23.0,-19.3,2,4,33,4,12,6,25,0,9
Mardy Collins,collima01,2009,PG-SG,24,TOT,48,890,47%,41%,12%,,,-3.9,6.9,35,12,41,7,21,3,250,6,31
Mardy Collins,collima01,2009,SG,24,NYK,9,75,,23%,75%,2%,,-4.5,-1.8,3,2,4,0,5,0,27,1,5
Mardy Collins,collima01,2009,PG,24,LAC,39,815,51%,43%,6%,,,-3.8,7.7,32,10,37,7,16,3,223,5,26
Nick Collison,collini01,2009,C,28,OKC,71,1831,,,,27%,73%,-5.9,1.6,16,22,156,11,64,14,144,12,37
Mike Conley,conlemi01,2009,PG,21,MEM,82,2508,100%,,,,,-6.0,-0.6,82,42,70,6,74,12,784,19,44
Brian Cook,cookbr01,2009,PF,28,TOT,30,171,,,12%,83%,5%,-12.6,-20.5,3,1,10,5,3,2,11,0,3
Brian Cook,cookbr01,2009,PF,28,ORL,21,146,,,14%,86%,,-6.7,-15.1,2,1,8,5,3,1,8,0,2
Brian Cook,cookbr01,2009,PF,28,HOU,9,25,,,,66%,34%,-47.4,-52.2,1,0,2,0,0,1,3,0,1
Daequan Cook,cookda02,2009,SF,21,MIA,75,1833,,48%,52%,,,-0.6,-1.3,21,10,64,3,14,7,172,2,23
Jamal Crawford,crawfja01,2009,PG-SG,28,TOT,65,2479,56%,39%,5%,,,-4.6,-2.0,85,31,51,10,117,5,647,35,32
Jamal Crawford,crawfja01,2009,SG,28,NYK,11,392,,66%,34%,,,-0.9,2.1,17,5,8,1,17,1,111,5,4
Jamal Crawford,crawfja01,2009,PG,28,GSW,54,2087,66%,34%,,,,-5.3,-2.8,68,26,43,9,100,4,536,30,28
Joe Crawford,crawfjo01,2009,SF,22,NYK,2,23,,72%,28%,,,19.0,21.9,0,0,1,0,1,0,3,0,1
Javaris Crittenton,crittja01,2009,PG-SG,21,TOT,63,1174,73%,26%,,,,-9.1,-1.2,43,24,33,5,43,8,340,18,29
Javaris Crittenton,crittja01,2009,SG,21,MEM,7,44,3%,97%,,,,-13.6,-7.9,1,2,1,0,6,1,11,1,0
Javaris Crittenton,crittja01,2009,PG,21,WAS,56,1130,76%,24%,,,,-8.9,-1.0,42,22,32,5,37,7,329,17,29
Austin Croshere,croshau01,2009,PF,33,TOT,14,100,,,3%,77%,20%,-16.2,-16.4,3,2,4,0,5,0,23,1,6
Austin Croshere,croshau01,2009,PF,33,MIL,11,77,,,4%,73%,22%,-15.1,-14.1,1,2,3,0,4,0,16,0,6
Austin Croshere,croshau01,2009,PF,33,SAS,3,23,,,,89%,12%,-20.0,-24.1,2,0,1,0,1,0,7,1,0
Eddy Curry,curryed01,2009,C,26,NYK,3,12,,,,,100%,-58.9,-56.4,0,2,3,0,2,0,0,1,0
Samuel Dalembert,dalemsa01,2009,C,27,PHI,82,2036,,,,,100%,1.4,3.0,33,31,127,21,50,8,38,6,29
Erick Dampier,dampier01,2009,C,33,DAL,80,1836,,,,,100%,2.1,-0.6,26,18,118,12,65,6,180,13,23
Antonio Daniels,daniean01,2009,PG,33,TOT,74,1021,91%,9%,,,,-12.4,-13.8,32,18,20,6,44,19,407,9,13
Antonio Daniels,daniean01,2009,PG,33,WAS,13,288,95%,5%,,,,-12.9,-5.0,10,2,10,1,17,4,107,6,3
Antonio Daniels,daniean01,2009,PG,33,NOH,61,733,89%,11%,,,,-12.2,-17.2,22,16,10,5,27,15,300,3,10
Marquis Daniels,daniema01,2009,SF,28,IND,54,1700,,33%,61%,6%,,-1.1,0.2,42,31,53,6,62,17,270,25,52
Jermareo Davidson,davidje01,2009,SF,24,GSW,14,111,,,32%,55%,13%,-7.1,-3.3,4,1,10,0,6,0,2,1,0
Baron Davis,davisba01,2009,PG,29,LAC,65,2248,90%,10%,,,,-8.8,2.7,130,33,89,13,82,16,1095,18,57
Glen Davis,davisgl01,2009,C,23,BOS,76,1637,,,,35%,65%,4.4,-6.7,20,13,117,30,89,33,160,17,37
Paul Davis,davispa01,2009,PF,24,LAC,27,320,,,,55%,45%,-7.2,3.0,6,3,28,1,17,1,28,0,10
Ricky Davis,davisri01,2009,SG,29,LAC,36,785,6%,48%,44%,2%,,-15.4,-6.7,29,6,31,2,14,8,193,3,9
Luol Deng,denglu01,2009,SF,23,CHI,49,1665,,1%,87%,12%,,-1.0,-1.4,23,26,32,10,83,10,217,11,30
Boris Diaw,diawbo01,2009,PF,26,TOT,81,2754,,,3%,90%,7%,1.3,4.8,103,46,97,33,60,8,759,19,44
Boris Diaw,diawbo01,2009,PF,26,PHO,22,538,,,4%,88%,8%,1.1,-1.1,16,8,20,8,10,2,108,6,5
Boris Diaw,diawbo01,2009,PF,26,CHA,59,2216,,,2%,90%,7%,1.4,6.3,87,38,77,25,50,6,651,13,39
Yakhouba Diawara,diawaya01,2009,SF,26,MIA,63,851,,6%,76%,18%,,-3.3,-4.3,4,4,39,1,10,4,67,3,4
Travis Diener,dienetr01,2009,PG,26,IND,55,719,94%,6%,,,,-1.5,-0.4,11,5,13,2,3,1,302,0,1
Ike Diogu,dioguik01,2009,PF,25,TOT,29,215,,,1%,85%,14%,-20.1,-16.3,2,7,11,2,24,0,7,7,12
Ike Diogu,dioguik01,2009,PF,25,POR,19,73,,,4%,95%,1%,-30.6,-37.6,1,3,3,1,9,0,0,0,5
Ike Diogu,dioguik01,2009,PF,25,SAC,10,142,,,,80%,20%,-14.7,-5.4,1,4,8,1,15,0,7,7,7
DeSagana Diop,diopde01,2009,C,27,TOT,75,1036,,,,,100%,-7.0,-8.3,12,9,87,9,28,4,76,3,14
DeSagana Diop,diopde01,2009,C,27,DAL,34,452,,,,,100%,-7.7,-11.4,4,2,38,2,12,1,30,1,10
DeSagana Diop,diopde01,2009,C,27,CHA,41,584,,,,,100%,-6.4,-5.9,8,7,49,7,16,3,46,2,4
Juan Dixon,dixonju01,2009,PG,30,WAS,50,816,100%,,,,,-9.3,-1.2,45,17,36,1,12,3,255,3,11
Keyon Dooling,doolike01,2009,PG,28,NJN,77,2074,58%,43%,,,,-6.3,-7.3,61,28,33,7,58,14,645,12,21
Joey Dorsey,dorsejo01,2009,PF,25,HOU,3,6,,,,100%,,-27.3,-31.8,0,0,0,0,0,0,2,0,1
Quincy Douby,doubyqu01,2009,PG,24,TOT,27,300,83%,17%,,,,-6.6,1.4,7,5,15,0,8,4,51,0,5
Quincy Douby,doubyqu01,2009,PG,24,SAC,20,227,78%,22%,,,,-5.8,3.9,2,3,12,0,6,2,27,0,4
Quincy Douby,doubyqu01,2009,PG,24,TOR,7,73,100%,,,,,-9.0,-6.2,5,2,3,0,2,2,24,0,1
Chris Douglas-Roberts,douglch01,2009,SG,22,NJN,44,585,21%,69%,10%,,,3.1,6.8,13,12,22,1,27,1,122,5,15
Goran Dragic,dragigo01,2009,PG,22,PHO,55,728,97%,3%,,,,0.2,-2.4,34,18,41,7,28,5,252,3,15
Jared Dudley,dudleja01,2009,SF,23,TOT,68,1155,,8%,65%,26%,1%,0.5,-0.2,23,7,44,9,44,20,126,6,20
Jared Dudley,dudleja01,2009,SF,23,CHA,20,427,,,35%,63%,2%,-4.5,-3.5,4,2,19,3,13,9,44,2,8
Jared Dudley,dudleja01,2009,SF,23,PHO,48,728,,12%,83%,5%,,3.5,1.7,19,5,25,6,31,11,82,4,12
Chris Duhon,duhonch01,2009,PG,26,NYK,79,2906,57%,43%,,,,-3.7,-3.5,150,52,54,4,63,18,1340,15,36
Tim Duncan,duncati01,2009,C,32,SAS,75,2524,,,,,100%,4.3,1.0,59,66,97,17,238,7,600,52,91
Mike Dunleavy,dunlemi02,2009,SG,28,IND,18,495,,42%,53%,5%,,-2.8,-1.9,26,7,24,1,29,15,101,7,8
Kevin Durant,duranke01,2009,SF,20,OKC,74,2885,,12%,80%,8%,,-9.1,-8.5,78,83,65,39,210,5,454,43,73
Monta Ellis,ellismo01,2009,SG,23,GSW,25,892,36%,60%,5%,,,-5.2,-1.7,25,19,31,14,46,6,211,14,22
Francisco Elson,elsonfr01,2009,C,32,MIL,59,977,,,,2%,98%,-4.0,-3.5,9,17,77,11,17,11,74,1,14
Melvin Ely,elyme01,2009,C,30,NOH,31,373,,,,13%,87%,-5.5,-8.2,4,3,28,4,14,7,39,0,12
Maurice Evans,evansma01,2009,SF,30,ATL,80,1840,,8%,82%,10%,,0.0,-3.5,20,14,55,3,35,5,134,8,26
Reggie Evans,evansre01,2009,PF,28,PHI,79,1137,,,,81%,19%,-2.5,-3.4,15,15,56,18,73,8,61,5,32
Jordan Farmar,farmajo01,2009,PG,22,LAL,65,1192,100%,,,,,1.6,-9.4,61,11,43,9,36,6,348,10,29
Desmon Farmer,farmede01,2009,SG,27,SAS,3,54,,49%,51%,,,7.4,3.5,3,0,2,1,0,0,5,0,0
Raymond Felton,feltora01,2009,PG,24,CHA,82,3086,62%,38%,,,,-0.5,4.1,149,56,74,11,92,23,1266,21,71
Rudy Fernandez,fernaru01,2009,SG,23,POR,78,1993,5%,93%,2%,,,5.6,-1.3,55,10,42,2,40,19,361,11,11
Kyrylo Fesenko,fesenky01,2009,C,22,UTA,21,156,,,,,100%,5.1,2.4,4,0,16,1,9,0,9,1,5
Michael Finley,finlemi01,2009,SF,35,SAS,81,2336,,,79%,21%,,3.0,-2.4,28,17,50,5,16,6,269,2,11
Derek Fisher,fishede01,2009,PG,34,LAL,82,2441,100%,,,,,11.1,7.5,56,9,81,4,38,48,584,8,27
T.J. Ford,fordtj01,2009,PG,25,IND,74,2258,100%,,,,,-1.6,-0.9,94,60,84,12,117,11,934,29,58
Jeff Foster,fosteje01,2009,C,32,IND,74,1828,,,,29%,72%,2.5,6.7,41,18,127,16,66,35,299,18,22
Randy Foye,foyera01,2009,SG,25,MIN,70,2494,29%,66%,5%,,,-4.6,2.8,80,36,94,18,109,20,681,12,79
Adonal Foyle,foylead01,2009,C,33,TOT,10,62,,,,,100%,-2.4,-9.7,0,0,4,1,2,0,2,0,0
Adonal Foyle,foylead01,2009,C,33,ORL,9,59,,,,,100%,-1.8,-9.7,0,0,3,1,2,0,2,0,0
Adonal Foyle,foylead01,2009,C,33,MEM,1,3,,,,,100%,-14.3,-8.5,0,0,1,0,0,0,0,0,0
Channing Frye,fryech01,2009,PF,25,POR,63,746,,,,79%,21%,-8.0,-17.6,6,6,63,8,10,5,59,1,5
Dan Gadzuric,gadzuda01,2009,C,30,MIL,67,941,,,,2%,98%,-2.0,-0.9,15,6,102,10,30,16,87,6,15
Danilo Gallinari,gallida01,2009,SG,20,NYK,28,412,,37%,58%,5%,,5.7,9.4,3,4,29,1,9,5,41,1,5
Francisco Garcia,garcifr01,2009,SF,27,SAC,65,1975,,38%,56%,6%,,-11.3,-3.7,57,23,108,15,59,16,356,10,28
Thomas Gardner,gardnth01,2009,SG,23,ATL,16,98,,43%,56%,,,6.5,4.7,3,0,0,0,2,0,4,0,2
Kevin Garnett,garneke01,2009,PF,32,BOS,57,1772,,,2%,88%,10%,14.3,10.6,38,14,50,14,57,3,324,16,14
Marc Gasol,gasolma01,2009,C,24,MEM,82,2521,,,,,100%,-6.8,-2.9,44,55,146,27,170,36,335,46,48
Pau Gasol,gasolpa01,2009,C,28,LAL,81,2999,,,,30%,70%,9.3,4.4,71,64,101,6,183,15,654,37,66
Rudy Gay,gayru01,2009,SF,22,MEM,79,2945,,,85%,15%,,-7.7,-7.6,70,76,102,25,153,10,307,26,82
Devean George,georgde01,2009,SF,31,DAL,43,708,,1%,98%,2%,,-5.3,-9.4,2,6,25,2,10,4,34,2,8
Daniel Gibson,gibsoda01,2009,PG,22,CLE,75,1795,50%,51%,,,,7.0,-6.1,22,19,96,8,31,10,307,7,31
J.R. Giddens,giddejr01,2009,SF,23,BOS,6,8,,71%,28%,2%,,15.9,7.5,0,0,0,1,0,0,0,0,0
Eddie Gill,gilled01,2009,PG,30,MIL,6,43,100%,,,,,-24.2,-23.1,1,3,6,0,0,0,25,0,0
Manu Ginobili,ginobma01,2009,SG,31,SAS,44,1181,,58%,42%,,,3.5,-0.8,49,26,30,8,69,19,357,17,22
Ryan Gomes,gomesry01,2009,SF,26,MIN,82,2614,,,62%,37%,,-7.3,-5.1,48,45,88,22,80,3,307,17,37
Drew Gooden,goodedr01,2009,PF,27,TOT,51,1264,,,,36%,64%,-4.4,-6.3,20,33,88,12,73,16,109,15,28
Drew Gooden,goodedr01,2009,PF,27,CHI,31,918,,,,38%,62%,-4.8,-6.0,14,25,68,9,45,14,97,11,20
Drew Gooden,goodedr01,2009,PF,27,SAC,1,26,,,,58%,42%,2.1,11.6,1,1,1,1,1,0,4,0,0
Drew Gooden,goodedr01,2009,PF,27,SAS,19,320,,,,29%,71%,-4.0,-8.7,5,7,19,2,27,2,8,4,8
Ben Gordon,gordobe01,2009,SG,25,CHI,82,2999,23%,77%,,,,-0.3,-0.3,93,67,87,26,155,8,611,37,69
Eric Gordon,gordoer01,2009,SG,20,LAC,78,2677,14%,73%,12%,,,-9.8,0.6,69,49,88,23,141,7,496,30,62
Marcin Gortat,gortama01,2009,PF,24,ORL,63,794,,,,9%,91%,-2.2,-12.4,3,6,69,6,27,14,36,11,16
Joey Graham,grahajo01,2009,SF,26,TOR,78,1541,,11%,67%,22%,,-3.8,-1.4,20,15,83,24,76,12,111,20,37
Stephen Graham,grahast01,2009,SG,26,IND,52,684,,76%,24%,,,-0.7,0.5,16,8,40,13,30,2,71,6,17
Danny Granger,grangda01,2009,SF,25,IND,67,2424,,,69%,31%,,1.4,6.7,69,44,101,25,203,14,412,41,77
Aaron Gray,grayaa01,2009,C,24,CHI,56,715,,,,,100%,-3.8,-4.4,14,8,69,7,27,2,100,6,23
Gerald Green,greenge01,2009,SG,23,DAL,38,376,,50%,49%,1%,,-8.9,-12.5,11,13,30,5,18,2,32,6,5
Jeff Green,greenje02,2009,PF,22,OKC,78,2873,,,22%,76%,1%,-7.7,-3.4,56,66,114,20,143,27,341,27,60
Willie Green,greenwi01,2009,SG,27,PHI,81,1828,,93%,7%,,,0.4,0.9,27,23,79,7,46,12,345,16,36
Donte Greene,greendo01,2009,SF,20,SAC,55,725,,,65%,32%,3%,-12.7,-4.1,17,13,39,4,15,9,71,2,17
Hamed Haddadi,haddaha01,2009,C,23,MEM,19,120,,,,,100%,21.0,27.7,2,3,14,1,8,1,20,0,2
Malik Hairston,hairsma01,2009,SG,21,SAS,15,155,,47%,50%,3%,,3.4,-0.6,6,2,9,2,4,1,28,3,2
Richard Hamilton,hamilri01,2009,SG,30,DET,67,2279,,80%,20%,,,0.1,1.5,67,25,49,26,69,12,642,9,53
Matt Harpring,harprma01,2009,SG,32,UTA,63,693,,77%,22%,2%,,3.5,0.8,8,7,36,13,25,11,61,5,16
Al Harrington,harrial01,2009,PF,28,TOT,73,2546,,,10%,83%,7%,-1.4,3.8,54,50,93,28,131,18,244,27,78
Al Harrington,harrial01,2009,PF,28,GSW,5,166,,,21%,79%,1%,-6.1,-2.2,0,2,6,2,4,3,23,0,6
Al Harrington,harrial01,2009,PF,28,NYK,68,2380,,,9%,84%,7%,-1.1,4.2,54,48,87,26,127,15,221,27,72
Devin Harris,harride01,2009,PG,25,NJN,69,2494,100%,,,,,-2.2,1.5,93,84,72,18,268,30,1111,60,81
Jason Hart,hartja01,2009,PG,30,TOT,39,348,95%,5%,,,,-20.9,-13.0,13,6,14,0,8,1,118,2,9
Jason Hart,hartja01,2009,PG,30,LAC,28,312,96%,4%,,,,-19.4,-10.2,12,4,12,0,8,1,107,2,8
Jason Hart,hartja01,2009,PG,30,DEN,11,36,86%,14%,,,,-33.2,-37.2,1,2,2,0,0,0,11,0,1
Udonis Haslem,hasleud01,2009,PF,28,MIA,75,2560,,,,87%,13%,0.2,0.2,27,27,105,15,70,29,201,16,32
Trenton Hassell,hassetr01,2009,SF,29,NJN,53,1094,,15%,80%,6%,,-8.4,-7.9,14,8,43,0,11,6,116,3,4
Spencer Hawes,hawessp01,2009,C,20,SAC,77,2259,,,,,100%,-11.8,-5.5,76,44,178,14,63,8,341,14,59
Chuck Hayes,hayesch01,2009,C,25,HOU,71,858,,,,21%,79%,-1.3,-7.3,13,8,83,3,10,19,98,3,16
Jarvis Hayes,hayesja01,2009,SF,27,NJN,74,1832,,,59%,41%,,0.1,5.3,20,15,85,7,19,11,124,5,14
Brendan Haywood,haywobr01,2009,C,29,WAS,6,175,,,,2%,98%,-7.0,1.3,2,4,10,0,10,0,17,3,6
Luther Head,headlu01,2009,PG-SG,26,TOT,32,498,38%,58%,4%,,,-7.9,-11.6,17,3,21,0,11,0,131,2,5
Luther Head,headlu01,2009,PG,26,HOU,22,322,24%,69%,7%,,,-8.5,-14.1,11,2,9,0,7,0,82,2,4
Luther Head,headlu01,2009,SG,26,MIA,10,176,62%,38%,,,,-6.8,-7.2,6,1,12,0,4,0,49,0,1
Walter Herrmann,herrmwa01,2009,SF,29,DET,59,630,,,78%,22%,,0.6,1.3,3,5,23,4,12,8,49,3,4
Roy Hibbert,hibbero01,2009,C,22,IND,70,1009,,,,,100%,-2.7,-2.1,18,12,171,11,76,12,111,21,50
J.J. Hickson,hicksjj01,2009,C,20,CLE,62,705,,,,12%,88%,-5.1,-18.8,13,11,44,4,32,0,22,11,29
Nene,hilarne01,2009,C,26,DEN,77,2510,,,,2%,98%,6.5,7.9,40,45,141,33,175,41,243,54,59
George Hill,hillge01,2009,PG,22,SAS,77,1270,77%,23%,,,,2.4,-2.3,28,18,69,14,62,16,323,13,32
Grant Hill,hillgr01,2009,SF,36,PHO,82,2445,,8%,81%,12%,,3.8,4.6,62,24,104,18,96,43,410,31,52
Steven Hill,hillst01,2009,PF,23,OKC,1,2,,,,100%,,76.7,83.5,0,0,0,0,0,0,0,0,0
Kirk Hinrich,hinriki01,2009,SG,28,CHI,51,1339,5%,76%,20%,,,8.2,12.7,55,17,60,6,27,13,441,3,17
Ryan Hollins,holliry01,2009,C,24,TOT,45,444,,,,,100%,4.2,3.4,7,5,39,6,30,4,15,4,20
Ryan Hollins,holliry01,2009,C,24,CHA,18,184,,,,,100%,12.8,14.9,4,1,14,2,16,1,8,1,7
Ryan Hollins,holliry01,2009,C,24,DAL,27,260,,,,,100%,-1.9,-4.7,3,4,25,4,14,3,7,3,13
Al Horford,horfoal01,2009,C,22,ATL,67,2242,,,,19%,81%,0.5,-3.2,31,27,114,25,101,6,395,28,30
Eddie House,houseed01,2009,PG,30,BOS,81,1479,100%,,,,,5.9,-4.0,33,14,55,3,6,5,200,1,6
Dwight Howard,howardw01,2009,C,23,ORL,79,2821,,,,,100%,10.2,8.2,33,85,120,61,378,8,296,94,86
Josh Howard,howarjo01,2009,SF,28,DAL,52,1663,,6%,94%,1%,,6.5,7.0,30,34,67,13,104,9,197,20,25
Juwan Howard,howarju01,2009,SF-PF,35,TOT,42,472,,,40%,59%,1%,-10.9,-10.9,10,6,31,4,18,2,61,4,11
Juwan Howard,howarju01,2009,PF,35,DEN,3,22,,,,99%,1%,3.8,0.2,0,0,3,0,0,0,4,0,1
Juwan Howard,howarju01,2009,SF,35,CHA,39,450,,,42%,57%,1%,-11.6,-11.4,10,6,28,4,18,2,57,4,10
Larry Hughes,hughela01,2009,SF-SG,30,TOT,55,1479,3%,60%,37%,,,-5.6,-5.2,36,21,47,6,61,9,271,8,34
Larry Hughes,hughela01,2009,SF,30,CHI,30,792,2%,44%,54%,,,-4.0,-4.9,21,10,27,2,34,5,131,4,19
Larry Hughes,hughela01,2009,SG,30,NYK,25,687,4%,79%,17%,,,-7.3,-5.6,15,11,20,4,27,4,140,4,15
Kris Humphries,humphkr01,2009,SF,23,TOR,29,265,,,14%,76%,10%,1.5,4.8,1,4,16,3,21,5,22,6,10
Lindsey Hunter,hunteli01,2009,PG,38,CHI,28,266,100%,,,,,-8.6,-9.0,10,3,9,2,2,1,82,1,3
Othello Hunter,hunteot01,2009,PF,22,ATL,16,92,,,3%,96%,1%,13.5,11.8,0,2,4,0,3,0,2,1,4
Andre Iguodala,iguodan01,2009,SF,25,PHI,82,3269,,13%,84%,2%,,1.8,10.9,99,67,72,27,223,19,921,40,38
Zydrunas Ilgauskas,ilgauzy01,2009,C,33,CLE,65,1765,,,,,100%,14.4,7.4,24,22,86,15,80,6,141,8,33
D.J. Mbenga,mbengdj01,2009,C,28,LAL,23,181,,,,,100%,0.0,-8.6,3,2,17,3,4,0,21,0,4
Allen Iverson,iversal01,2009,PG-SG,33,TOT,57,2093,96%,4%,,,,-1.7,-3.0,78,42,36,12,144,22,634,25,41
Allen Iverson,iversal01,2009,SG,33,DEN,3,123,36%,64%,,,,2.5,-1.2,5,4,1,0,9,0,43,1,1
Allen Iverson,iversal01,2009,PG,33,DET,54,1970,100%,,,,,-2.0,-3.1,73,38,35,12,135,22,591,24,40
Royal Ivey,iveyro01,2009,SG,27,PHI,71,861,2%,89%,8%,,,-7.7,-9.8,10,5,36,5,17,22,94,1,10
Jarrett Jack,jackja01,2009,SG,25,IND,82,2716,38%,62%,,,,-0.4,2.5,97,48,72,16,94,16,796,24,46
Bobby Jackson,jacksbo01,2009,PG,35,SAC,71,1484,99%,1%,,,,-6.8,4.1,30,24,41,8,41,14,331,9,9
Darnell Jackson,jacksda01,2009,PF,23,CLE,51,430,,,2%,86%,12%,-8.9,-21.5,3,4,48,4,20,4,20,3,6
Stephen Jackson,jacksst02,2009,SF,30,GSW,59,2339,1%,12%,61%,26%,,-3.3,1.6,130,72,61,5,141,8,841,14,54
Jerome James,jamesje01,2009,C,33,NYK,2,10,,,,,100%,0.0,2.7,0,0,1,1,0,0,0,0,0
LeBron James,jamesle01,2009,SF,24,CLE,81,3054,,,74%,26%,,15.0,21.2,113,68,55,32,372,13,1406,97,59
Mike James,jamesmi01,2009,PG,33,TOT,61,1649,94%,6%,,,,-10.7,-3.8,51,24,39,9,34,13,439,8,37
Mike James,jamesmi01,2009,PG,33,NOH,8,74,100%,,,,,-32.9,-35.5,1,2,5,0,1,0,18,0,2
Mike James,jamesmi01,2009,PG,33,WAS,53,1575,93%,7%,,,,-9.6,-2.3,50,22,34,9,33,13,421,8,35
Antawn Jamison,jamisan01,2009,PF,32,WAS,81,3096,,,15%,84%,2%,-8.2,0.3,60,35,138,15,209,11,338,52,63
Marko Jaric,jaricma01,2009,SG,30,MEM,53,605,23%,59%,19%,,,6.5,14.4,34,3,22,7,18,3,164,2,9
Nathan Jawai,jawaina01,2009,PF,22,TOR,6,19,,,,65%,36%,-29.5,-26.6,1,0,3,0,0,0,0,0,1
Al Jefferson,jeffeal01,2009,C,24,MIN,50,1836,,,,6%,94%,-3.3,4.4,23,35,97,3,134,8,195,42,86
Dontell Jefferson,jeffedo01,2009,SG,25,CHA,6,84,8%,91%,1%,,,-7.2,-5.9,3,2,5,0,4,0,19,1,2
Richard Jefferson,jefferi01,2009,SF,28,MIL,82,2939,,14%,77%,9%,,-1.9,-2.5,74,45,128,23,230,13,448,41,64
Jared Jeffries,jeffrja01,2009,SF,27,NYK,56,1310,,2%,59%,35%,4%,-2.8,-0.1,27,20,82,14,39,28,193,10,29
Yi Jianlian,jianlyi01,2009,PF,21,NJN,61,1421,,,,90%,10%,-4.0,-1.9,23,28,82,6,48,2,143,5,32
Amir Johnson,johnsam01,2009,PF,21,DET,62,911,,,1%,78%,21%,4.9,7.0,9,4,94,14,18,9,43,4,16
Anthony Johnson,johnsan02,2009,PG,34,ORL,80,1481,100%,,,,,4.5,-5.3,46,15,42,9,31,6,485,5,17
Joe Johnson,johnsjo02,2009,SG,27,ATL,79,3124,,71%,28%,,,2.3,2.2,72,67,80,21,121,9,1071,21,58
Linton Johnson,johnsli01,2009,PF,28,TOT,10,55,,,59%,40%,1%,-16.9,-16.5,0,1,4,0,0,0,5,0,0
Linton Johnson,johnsli01,2009,PF,28,CHA,2,13,,,,96%,4%,-26.3,-25.0,0,0,0,0,0,0,0,0,0
Linton Johnson,johnsli01,2009,PF,28,CHI,8,42,,,77%,23%,,-14.0,-13.9,0,1,4,0,0,0,5,0,0
Trey Johnson,johnstr01,2009,SG,24,CLE,4,14,,65%,35%,,,-42.9,-53.4,0,0,1,0,2,0,0,0,0
Dahntay Jones,jonesda02,2009,SG,28,DEN,79,1426,,72%,27%,1%,,-1.6,-8.1,25,18,58,12,77,21,175,17,40
Damon Jones,jonesda01,2009,PG,32,MIL,18,108,56%,44%,,,,-1.2,0.1,3,2,3,1,0,0,15,0,1
Dwayne Jones,jonesdw02,2009,PF,25,CHA,6,52,,,,66%,34%,5.4,6.8,0,3,3,0,2,0,0,0,2
Fred Jones,jonesfr01,2009,SF,29,LAC,52,1495,,36%,59%,5%,,-9.1,1.4,39,14,64,4,38,5,433,8,14
James Jones,jonesja02,2009,SF,28,MIA,40,630,,4%,86%,11%,,1.9,2.1,6,2,23,3,12,11,47,4,2
Solomon Jones,jonesso01,2009,C,24,ATL,63,675,,,,37%,63%,-3.7,-6.8,5,12,85,6,38,3,34,10,17
DeAndre Jordan,jordade01,2009,C,20,LAC,53,771,,,,6%,94%,-16.1,-7.6,7,13,53,11,48,4,27,11,13
Chris Kaman,kamanch01,2009,C,26,LAC,31,921,,,,,100%,-9.4,0.8,27,33,61,11,41,2,110,13,23
Jason Kapono,kaponja01,2009,SG,27,TOR,80,1831,,68%,32%,,,-5.0,-3.7,28,17,65,8,15,3,235,3,14
Jason Kidd,kiddja01,2009,PG,35,DAL,81,2886,100%,,,,,5.4,11.1,140,29,95,6,35,11,1551,8,16
Tarence Kinsey,kinseta01,2009,SG,24,CLE,50,277,9%,82%,9%,,,-5.1,-16.6,8,10,17,1,18,5,23,2,5
Andrei Kirilenko,kirilan01,2009,PF,27,UTA,67,1831,,,49%,49%,2%,7.4,8.5,68,30,48,8,131,15,365,18,37
Linas Kleiza,kleizli01,2009,SF,24,DEN,82,1824,,,58%,41%,1%,-0.9,-8.5,16,37,72,12,101,3,143,22,39
Brevin Knight,knighbr01,2009,PG,33,UTA,74,938,100%,,,,,4.4,2.1,48,8,48,4,20,14,410,4,13
Kyle Korver,korveky01,2009,SF,27,UTA,78,1874,,60%,36%,3%,,4.2,2.6,45,27,95,10,15,33,282,3,16
Kosta Koufos,koufoko01,2009,C,19,UTA,48,565,,,,7%,93%,-2.0,-5.6,8,9,37,4,22,4,41,5,10
Nenad Krstic,krstine01,2009,C,25,OKC,46,1141,,,,,100%,-6.3,0.7,10,21,66,5,42,5,70,11,17
Rob Kurz,kurzro01,2009,PF,23,GSW,40,442,,1%,20%,71%,7%,-13.7,-10.9,6,3,48,1,15,2,41,4,10
Carl Landry,landrca01,2009,PF,25,HOU,69,1467,,,,68%,32%,1.6,-4.4,15,21,74,19,92,11,97,23,42
Acie Law,lawac01,2009,PG,24,ATL,55,560,88%,13%,,,,0.6,-1.5,11,7,15,3,22,4,200,8,20
Courtney Lee,leeco01,2009,SG,23,ORL,77,1939,2%,90%,8%,,,7.8,-0.1,29,14,75,6,37,5,230,5,29
David Lee,leeda02,2009,C,25,NYK,81,2824,,,,8%,92%,-3.4,-2.3,69,52,123,17,163,8,443,46,102
Rashard Lewis,lewisra02,2009,PF,29,ORL,79,2859,,,5%,95%,,10.5,10.1,91,37,98,18,96,12,498,28,29
Shaun Livingston,livinsh01,2009,PG,23,TOT,12,231,32%,58%,10%,,,-11.5,-6.0,5,2,9,1,3,2,40,0,4
Shaun Livingston,livinsh01,2009,PG,23,MIA,4,41,31%,67%,3%,,,-26.2,-26.5,1,1,2,1,1,0,8,0,1
Shaun Livingston,livinsh01,2009,PG,23,OKC,8,190,33%,56%,12%,,,-8.3,-1.6,4,1,7,0,2,2,32,0,3
Brook Lopez,lopezbr01,2009,C,20,NJN,82,2501,,,,,100%,-2.9,-0.3,40,49,141,32,108,4,194,38,74
Robin Lopez,lopezro01,2009,C,20,PHO,60,614,,,,,100%,-3.7,-6.8,6,8,69,5,32,1,17,6,14
Kevin Love,loveke01,2009,C,20,MIN,81,2048,,,,41%,59%,-7.4,-3.6,41,33,114,20,154,9,179,26,78
Kyle Lowry,lowryky01,2009,PG,22,TOT,77,1679,95%,5%,,,,-4.9,-3.8,54,30,59,16,98,34,613,20,44
Kyle Lowry,lowryky01,2009,PG,22,MEM,49,1071,98%,2%,,,,-9.6,-5.2,36,23,40,8,68,22,392,15,30
Kyle Lowry,lowryky01,2009,PG,22,HOU,28,608,88%,12%,,,,3.4,-1.2,18,7,19,8,30,12,221,5,14
Tyronn Lue,luety01,2009,PG,31,TOT,44,521,100%,,,,,-1.4,-2.3,9,8,19,1,5,11,135,1,7
Tyronn Lue,luety01,2009,PG,31,MIL,30,392,100%,,,,,0.7,2.2,8,8,15,1,3,10,102,0,3
Tyronn Lue,luety01,2009,PG,31,ORL,14,129,100%,,,,,-7.5,-15.9,1,0,4,0,2,1,33,1,4
Mark Madsen,madsema01,2009,C,33,MIN,19,116,,,,28%,72%,3.9,9.8,0,2,11,1,1,3,8,0,0
Corey Maggette,maggeco01,2009,PF,29,GSW,51,1588,,1%,23%,72%,5%,-4.6,-1.1,32,41,72,23,159,30,213,27,44
Jamaal Magloire,magloja01,2009,C,30,MIA,55,709,,,,,100%,3.8,4.4,5,11,61,9,28,15,50,4,14
Stephon Marbury,marbust01,2009,PG,31,BOS,23,414,18%,79%,3%,,,-3.0,-12.7,17,10,7,2,7,3,176,5,7
Shawn Marion,mariosh01,2009,SF,30,TOT,69,2470,,1%,81%,18%,,0.0,1.7,49,40,82,4,71,7,313,17,43
Shawn Marion,mariosh01,2009,SF,30,MIA,42,1516,,1%,76%,23%,,1.3,1.9,29,18,59,2,44,6,177,11,21
Shawn Marion,mariosh01,2009,SF,30,TOR,27,954,,1%,90%,9%,,-2.0,1.4,20,22,23,2,27,1,136,6,22
Sean Marks,marksse01,2009,C,33,NOH,60,838,,,,20%,81%,-2.4,-5.5,6,10,61,8,21,3,36,4,18
Donyell Marshall,marshdo01,2009,PF,35,PHI,25,189,,,,90%,10%,10.8,11.4,2,2,14,1,3,1,34,0,0
Cartier Martin,martica01,2009,SF,24,CHA,33,266,,34%,65%,2%,,7.2,9.2,1,3,13,3,9,8,26,1,5
Kenyon Martin,martike01,2009,PF,31,DEN,66,2111,,,,90%,10%,4.2,1.4,35,38,112,15,97,1,299,21,54
Kevin Martin,martike02,2009,SG,25,SAC,51,1947,5%,80%,16%,,,-8.1,2.6,62,35,44,16,213,24,325,33,37
Desmond Mason,masonde01,2009,SG,31,OKC,39,1064,,78%,21%,1%,,-3.3,4.8,25,14,48,11,43,21,102,12,17
Roger Mason,masonro01,2009,SG,28,SAS,82,2496,10%,87%,3%,,,4.7,1.7,46,29,68,9,27,8,391,5,25
Jason Maxiell,maxieja01,2009,C,25,DET,78,1408,,,,42%,58%,-4.2,-5.7,3,17,91,17,83,6,49,18,26
Sean May,mayse01,2009,PF,24,CHA,24,301,,,,95%,5%,-16.0,-15.9,11,8,16,4,11,2,22,2,9
O.J. Mayo,mayooj01,2009,SG,21,MEM,82,3120,8%,91%,1%,,,-6.9,-5.5,104,85,87,20,91,13,576,19,75
Luc Mbah a Moute,mbahalu01,2009,PF,22,MIL,82,2114,,,26%,71%,3%,-0.6,1.5,46,21,96,14,85,22,192,19,46
Rashad McCants,mccanra01,2009,SG,24,TOT,58,1101,28%,69%,3%,,,-9.4,-2.7,21,22,44,7,53,2,153,6,31
Rashad McCants,mccanra01,2009,SG,24,MIN,34,636,43%,56%,2%,,,-12.7,-8.5,14,14,24,6,27,2,69,2,25
Rashad McCants,mccanra01,2009,SG,24,SAC,24,465,8%,88%,5%,,,-4.9,5.2,7,8,20,1,26,0,84,4,6
Antonio McDyess,mcdyean01,2009,PF,34,DET,62,1866,,,,94%,6%,-2.1,-2.9,22,10,122,11,39,11,190,15,10
JaVale McGee,mcgeeja01,2009,C,21,WAS,75,1143,,,,,100%,-12.9,-6.5,13,22,100,8,87,5,49,26,37
Tracy McGrady,mcgratr01,2009,SG,29,HOU,35,1181,,75%,25%,,,2.9,-2.3,44,19,21,2,68,3,397,11,20
Dominic McGuire,mcguido01,2009,SF,23,WAS,79,2072,,7%,84%,8%,,-8.5,-0.6,55,18,84,10,48,6,433,9,35
Josh McRoberts,mcrobjo01,2009,PF,21,IND,33,279,,,,93%,7%,-3.6,-2.7,7,0,13,1,6,0,39,1,9
Pops Mensah-Bonsu,mensapo01,2009,PF,25,TOT,22,283,,,2%,83%,15%,3.1,5.9,5,4,20,2,23,1,12,5,16
Pops Mensah-Bonsu,mensapo01,2009,PF,25,SAS,3,20,,,,35%,65%,41.2,37.4,1,1,3,0,3,0,0,1,0
Pops Mensah-Bonsu,mensapo01,2009,PF,25,TOR,19,263,,,2%,87%,11%,0.2,3.5,4,3,17,2,20,1,12,4,16
Chris Mihm,mihmch01,2009,C,29,LAL,18,105,,,,,100%,-17.1,-26.0,2,3,11,2,2,0,22,1,6
C.J. Miles,milescj01,2009,SG,21,UTA,72,1623,1%,97%,1%,,,0.8,-3.5,35,11,100,8,42,8,223,12,25
Darius Miles,milesda01,2009,SF,27,MEM,34,298,,1%,11%,82%,6%,-13.2,-8.0,5,7,20,2,15,0,37,3,4
Darko Milicic,milicda01,2009,C,23,MEM,61,1034,,,,17%,83%,-4.4,1.9,19,16,75,9,53,4,77,12,26
Andre Miller,millean02,2009,PG,32,PHI,82,2976,100%,,,,,1.0,4.5,105,49,66,20,160,27,1126,29,78
Brad Miller,millebr01,2009,C,32,TOT,70,2100,,,,25%,75%,-4.1,2.4,75,28,119,13,115,27,507,28,56
Brad Miller,millebr01,2009,C,32,SAC,43,1354,,,,39%,61%,-9.6,-0.3,52,18,70,7,67,16,323,13,40
Brad Miller,millebr01,2009,C,32,CHI,27,746,,,,1%,99%,5.9,7.5,23,10,49,6,48,11,184,15,16
Mike Miller,millemi01,2009,SF,28,MIN,73,2356,,29%,70%,1%,,-6.1,-1.2,80,36,64,21,57,16,751,15,26
Paul Millsap,millspa01,2009,PF,23,UTA,76,2290,,,,86%,14%,6.0,7.5,43,37,159,27,156,16,293,32,64
Yao Ming,mingya01,2009,C,28,HOU,77,2589,,,,,100%,8.6,11.9,54,76,170,45,175,11,342,38,90
Cuttino Mobley,moblecu01,2009,SG,33,LAC,11,365,,100%,,,,-10.0,-0.1,12,2,6,3,6,0,27,3,9
Nazr Mohammed,mohamna01,2009,C,31,CHA,39,341,,,,10%,90%,-7.0,-6.1,8,4,32,4,16,0,16,0,9
Jamario Moon,moonja01,2009,SF,28,TOT,80,2068,,2%,87%,11%,1%,0.8,4.4,26,8,71,6,31,8,217,7,8
Jamario Moon,moonja01,2009,SF,28,TOR,54,1379,,1%,84%,14%,1%,2.0,7.5,20,5,47,5,26,5,163,4,4
Jamario Moon,moonja01,2009,SF,28,MIA,26,689,,4%,92%,4%,,-1.4,-1.8,6,3,24,1,5,3,54,3,4
Mikki Moore,mooremi01,2009,PF-C,33,TOT,70,1202,,,7%,79%,14%,-4.1,-1.5,9,12,119,15,25,21,123,3,18
Mikki Moore,mooremi01,2009,PF,33,SAC,46,746,,,11%,86%,3%,-8.2,1.5,6,8,68,9,15,14,63,0,12
Mikki Moore,mooremi01,2009,C,33,BOS,24,456,,,,68%,32%,2.6,-6.5,3,4,51,6,10,7,60,3,6
Randolph Morris,morrira01,2009,C,23,ATL,23,89,,,,10%,90%,7.1,5.3,0,3,12,2,2,0,6,0,3
Adam Morrison,morriad01,2009,SF,24,TOT,52,711,,,52%,46%,1%,-8.9,-9.5,13,7,39,3,9,4,92,1,9
Adam Morrison,morriad01,2009,SF,24,CHA,44,667,,,49%,49%,1%,-8.8,-8.9,11,7,36,3,8,4,85,1,9
Adam Morrison,morriad01,2009,SF,24,LAL,8,44,,,100%,,,-9.3,-17.8,2,0,3,0,1,0,7,0,0
Anthony Morrow,morroan01,2009,SG,23,GSW,67,1515,6%,61%,31%,2%,,-2.1,3.0,19,19,77,3,19,6,185,4,23
Troy Murphy,murphtr01,2009,PF,28,IND,73,2482,,,,84%,16%,-1.0,0.3,54,22,137,19,79,9,403,16,43
Ronald Murray,murraro01,2009,SG,29,ATL,80,1975,34%,65%,1%,,,5.9,8.0,54,51,85,13,98,7,358,21,29
Dikembe Mutombo,mutomdi01,2009,C,42,HOU,9,96,,,,,100%,0.0,-4.6,1,4,5,1,2,2,0,1,1
Eduardo Najera,najered01,2009,PF,32,NJN,27,319,,,5%,93%,2%,-15.2,-13.4,7,4,21,5,10,7,42,2,3
Steve Nash,nashst01,2009,PG,34,PHO,74,2484,99%,1%,,,,4.6,6.9,196,40,49,4,44,53,1583,9,24
DeMarcus Nelson,nelsode01,2009,PG,23,GSW,13,171,69%,31%,,,,-10.5,-6.9,4,5,9,3,6,6,32,2,4
Jameer Nelson,nelsoja01,2009,PG,26,ORL,42,1309,100%,,,,,14.5,10.1,37,25,50,11,29,12,575,5,19
Rasho Nesterovic,nestera01,2009,C,32,IND,70,1214,,,,,100%,-5.3,-5.9,35,11,110,9,17,9,247,4,21
Demetris Nichols,nichode01,2009,SF,24,TOT,4,14,,33%,47%,20%,,26.2,28.1,0,0,1,0,0,0,2,0,0
Demetris Nichols,nichode01,2009,SF,24,CHI,2,5,,33%,67%,,,97.4,97.7,0,0,1,0,0,0,2,0,0
Demetris Nichols,nichode01,2009,SF,24,NYK,2,9,,33%,36%,32%,,-13.3,-10.6,0,0,0,0,0,0,0,0,0
Joakim Noah,noahjo01,2009,C,23,CHI,80,1938,,,,15%,85%,2.6,5.3,25,17,133,17,86,13,227,21,51
Andres Nocioni,nocioan01,2009,PF-SF,29,TOT,76,1991,,1%,34%,62%,4%,-0.4,4.2,33,35,140,26,74,31,237,14,35
Andres Nocioni,nocioan01,2009,PF,29,CHI,53,1278,,,22%,74%,4%,2.6,4.0,21,17,89,20,46,25,142,10,19
Andres Nocioni,nocioan01,2009,SF,29,SAC,23,713,,2%,54%,42%,3%,-5.7,4.5,12,18,51,6,28,6,95,4,16
Steve Novak,novakst01,2009,PF,25,LAC,71,1161,,,21%,76%,4%,-11.1,-1.6,16,4,51,0,4,6,94,2,1
Dirk Nowitzki,nowitdi01,2009,PF,30,DAL,81,3050,,,,91%,9%,3.7,5.8,75,52,101,21,212,15,473,52,49
Patrick O'Bryant,obryapa01,2009,C,22,TOT,39,255,,,,,100%,2.0,0.2,9,6,34,7,7,1,24,2,8
Patrick O'Bryant,obryapa01,2009,C,22,BOS,26,108,,,,,100%,-4.2,-13.0,7,3,12,7,4,1,17,2,2
Patrick O'Bryant,obryapa01,2009,C,22,TOR,13,147,,,,,100%,6.5,9.9,2,3,22,0,3,0,7,0,6
Jermaine O'Neal,onealje01,2009,C,30,TOT,68,2027,,,,40%,60%,-3.4,-2.4,32,37,138,32,111,44,282,30,80
Jermaine O'Neal,onealje01,2009,C,30,TOR,41,1216,,,,66%,34%,-6.1,-4.5,23,22,89,20,71,25,159,22,50
Jermaine O'Neal,onealje01,2009,C,30,MIA,27,811,,,,1%,99%,0.8,0.8,9,15,49,12,40,19,123,8,30
Shaquille O'Neal,onealsh01,2009,C,36,PHO,75,2252,,,,,100%,2.6,1.3,57,29,159,32,248,4,292,68,40
Fabricio Oberto,obertfa01,2009,C,33,SAS,54,677,,,,32%,68%,-2.3,-7.5,14,7,54,9,13,12,134,3,13
Greg Oden,odengr01,2009,C,21,POR,61,1314,,,,1%,100%,7.6,2.0,7,22,155,26,103,7,73,19,37
Lamar Odom,odomla01,2009,PF,29,LAL,78,2316,,,,96%,4%,15.5,17.6,78,27,128,23,129,7,457,35,59
Emeka Okafor,okafoem01,2009,C,26,CHA,82,2691,,,,3%,97%,0.6,6.0,39,30,120,39,185,14,123,47,91
Mehmet Okur,okurme01,2009,C,29,UTA,72,2409,,,,5%,95%,3.4,1.6,42,45,138,23,138,28,271,37,41
Kevin Ollie,ollieke01,2009,PG,36,MIN,50,850,81%,18%,2%,,,-7.5,-2.4,23,8,35,1,36,16,271,7,4
Travis Outlaw,outlatr01,2009,SF,24,POR,81,2246,,,66%,34%,,3.7,-6.0,29,28,64,15,100,8,201,15,46
Zaza Pachulia,pachuza01,2009,C,24,ATL,77,1473,,,,,100%,4.3,3.8,14,27,95,26,111,12,130,16,39
Anthony Parker,parkean01,2009,SG,33,TOR,80,2637,10%,89%,2%,,,-1.8,3.4,69,24,58,10,57,31,586,12,31
Tony Parker,parketo01,2009,PG,26,SAS,72,2456,100%,,,,,6.1,5.5,71,76,35,14,165,12,1179,38,92
Chris Paul,paulch01,2009,PG,23,NOH,78,3002,100%,,,,,6.5,19.6,113,61,53,35,158,22,1945,45,52
Sasha Pavlovic,pavloal01,2009,SF,25,CLE,66,1053,,64%,36%,,,4.9,-7.4,18,15,62,7,22,5,165,3,20
Oleksiy Pecherov,pecheol01,2009,C,23,WAS,32,277,,,1%,58%,42%,-14.2,-6.4,3,6,25,0,13,0,4,1,6
Kendrick Perkins,perkike01,2009,C,24,BOS,76,2253,,,,,100%,8.2,-0.5,48,33,114,51,76,9,222,18,49
Morris Peterson,petermo01,2009,SG,31,NOH,43,515,,94%,6%,,,-0.8,-3.1,7,6,25,0,9,3,41,5,4
Johan Petro,petrojo01,2009,C,23,TOT,49,559,,,,,100%,-17.0,-15.3,5,7,57,4,12,2,35,3,5
Johan Petro,petrojo01,2009,C,23,OKC,22,342,,,,,100%,-13.4,-7.3,1,2,27,3,7,2,13,1,3
Johan Petro,petrojo01,2009,C,23,DEN,27,217,,,,,100%,-22.8,-27.9,4,5,30,1,5,0,22,2,2
Paul Pierce,piercpa01,2009,SF,31,BOS,81,3035,,1%,95%,4%,,8.9,2.2,110,61,104,37,222,23,667,46,78
Mickael Pietrus,pietrmi01,2009,SG,26,ORL,54,1329,,44%,56%,,,5.9,-2.9,13,10,59,10,50,11,153,7,17
James Posey,poseyja01,2009,SG,32,NOH,75,2140,,69%,30%,,,1.3,-1.3,32,18,93,15,53,31,197,11,20
Leon Powe,powele01,2009,PF,25,BOS,70,1227,,,9%,91%,1%,9.3,1.2,9,22,82,26,130,32,108,35,45
Josh Powell,poweljo01,2009,PF,26,LAL,60,703,,,4%,93%,4%,-10.0,-22.3,17,13,49,6,19,1,60,2,25
Ronnie Price,pricero01,2009,PG,25,UTA,52,738,89%,11%,,,,-2.4,-6.4,34,16,33,6,14,8,235,1,13
Tayshaun Prince,princta01,2009,SF,28,DET,82,3057,,3%,81%,17%,,-1.6,-4.6,41,44,57,4,99,18,572,20,37
Gabe Pruitt,pruitga01,2009,SG,22,BOS,47,366,16%,78%,6%,,,1.0,-8.1,8,5,19,1,7,2,88,0,7
Joel Przybilla,przybjo01,2009,C,29,POR,82,1952,,,,,100%,9.2,5.7,15,16,102,22,72,31,61,17,25
Chris Quinn,quinnch01,2009,PG,25,MIA,66,962,100%,,,,,-0.3,-0.5,13,14,41,1,16,11,315,8,15
Vladimir Radmanovic,radmavl01,2009,SF,28,TOT,78,1445,,,70%,29%,1%,1.9,-2.3,53,28,51,8,23,5,185,4,23
Vladimir Radmanovic,radmavl01,2009,SF,28,LAL,46,771,,,91%,9%,,5.7,-3.1,27,7,26,6,11,3,84,3,6
Vladimir Radmanovic,radmavl01,2009,SF,28,CHA,32,674,,,47%,51%,2%,-2.6,-1.4,26,21,25,2,12,2,101,1,17
Anthony Randolph,randoan01,2009,PF,19,GSW,63,1129,,,5%,61%,35%,-4.5,-0.7,23,26,67,13,57,17,109,13,35
Shavlik Randolph,randosh01,2009,PF,25,POR,10,37,,,,100%,,-45.6,-52.4,0,5,3,0,2,0,0,0,1
Zach Randolph,randoza01,2009,PF-C,27,TOT,50,1757,,,,56%,44%,-5.3,4.8,40,34,66,19,122,6,243,28,55
Zach Randolph,randoza01,2009,C,27,NYK,11,388,,,,,100%,-4.3,-1.7,6,8,12,5,37,3,38,9,17
Zach Randolph,randoza01,2009,PF,27,LAC,39,1369,,,,72%,28%,-5.6,6.7,34,26,54,14,85,3,205,19,38
Theo Ratliff,ratlith01,2009,C,35,PHI,46,579,,,,34%,66%,-2.1,-2.3,3,5,45,4,13,6,18,1,6
Michael Redd,reddmi01,2009,SG,29,MIL,33,1203,,77%,22%,1%,,4.3,8.1,23,14,12,5,56,7,199,13,15
J.J. Redick,redicjj01,2009,SG,24,ORL,64,1111,12%,88%,,,,5.8,-2.8,27,10,42,5,31,14,169,5,8
Jason Richardson,richaja01,2009,SG,28,TOT,72,2410,,83%,17%,,,-0.6,-3.2,50,25,65,13,92,20,320,20,35
Jason Richardson,richaja01,2009,SG,28,CHA,14,491,,74%,26%,,,-5.2,-4.3,8,9,21,4,25,9,84,3,11
Jason Richardson,richaja01,2009,SG,28,PHO,58,1919,,85%,15%,,,0.6,-2.9,42,16,44,9,67,11,236,17,24
Jeremy Richardson,richaje01,2009,SF,24,ORL,12,93,,1%,92%,7%,,-20.3,-28.8,1,1,3,0,2,0,9,0,2
Quentin Richardson,richaqu01,2009,SG,28,NYK,72,1894,1%,54%,45%,1%,,-3.1,-0.7,39,18,75,2,57,12,265,15,44
Luke Ridnour,ridnolu01,2009,PG,27,MIL,72,2033,97%,3%,,,,-2.0,-1.5,84,25,107,9,32,19,832,4,16
Anthony Roberson,roberan02,2009,PG,25,TOT,29,276,18%,71%,11%,,,-10.8,-8.9,5,3,6,0,2,1,44,0,2
Anthony Roberson,roberan02,2009,PG,25,NYK,23,253,16%,71%,12%,,,-12.5,-10.4,4,3,6,0,2,1,42,0,1
Anthony Roberson,roberan02,2009,PG,25,CHI,6,23,29%,71%,,,,7.1,7.3,1,0,0,0,0,0,2,0,1
Nate Robinson,robinna01,2009,PG,24,NYK,74,2209,100%,,,,,-0.2,5.7,73,33,76,21,119,27,723,29,32
Sergio Rodriguez,rodrise01,2009,PG,22,POR,80,1225,99%,1%,,,,0.9,-7.8,57,37,33,9,27,10,657,4,25
Rajon Rondo,rondora01,2009,PG,22,BOS,80,2642,89%,11%,,,,10.1,5.1,129,36,47,19,103,19,1495,21,61
Derrick Rose,rosede01,2009,PG,20,CHI,81,3000,99%,1%,,,,-2.2,-8.1,106,68,65,12,117,14,1160,35,89
Malik Rose,rosema01,2009,PF,34,TOT,38,470,,2%,32%,55%,11%,-1.9,3.8,18,5,39,8,25,3,80,3,12
Malik Rose,rosema01,2009,PF,34,NYK,18,160,,1%,17%,60%,23%,-3.5,-0.8,6,4,17,3,6,1,24,1,5
Malik Rose,rosema01,2009,PF,34,OKC,20,310,,3%,39%,52%,6%,-1.0,6.2,12,1,22,5,19,2,56,2,7
Quinton Ross,rossqu01,2009,SF,27,MEM,68,1164,,26%,71%,3%,,-2.5,4.7,15,11,56,5,16,9,108,1,16
Brandon Roy,roybr01,2009,SG,24,POR,78,2903,,65%,35%,,,8.7,9.2,66,56,42,16,212,23,940,37,51
Michael Ruffin,ruffimi01,2009,PF,32,POR,11,35,,,33%,66%,1%,-1.9,-8.3,1,1,4,0,1,0,0,0,2
Brandon Rush,rushbr01,2009,SG,23,IND,75,1803,,53%,45%,1%,,-4.7,-6.5,25,20,76,10,34,7,156,6,34
Kareem Rush,rushka01,2009,SG,28,PHI,25,199,,40%,60%,,,-4.9,-5.1,8,2,6,0,0,1,39,0,0
John Salmons,salmojo01,2009,SF,29,TOT,79,2959,,12%,81%,8%,,-7.5,-2.4,63,63,101,12,163,5,561,42,80
John Salmons,salmojo01,2009,SF,29,SAC,53,1980,,15%,76%,9%,,-11.6,-4.2,48,44,68,10,109,4,439,25,61
John Salmons,salmojo01,2009,SF,29,CHI,26,979,,5%,91%,4%,,0.7,1.2,15,19,33,2,54,1,122,17,19
Cheikh Samb,sambch01,2009,C,24,TOT,18,83,,,,,100%,-4.7,0.7,1,1,4,0,2,0,2,1,3
Cheikh Samb,sambch01,2009,C,24,DEN,6,24,,,,,100%,-1.6,-5.2,0,1,2,0,0,0,2,0,1
Cheikh Samb,sambch01,2009,C,24,LAC,10,51,,,,,100%,-5.7,4.3,1,0,2,0,2,0,0,1,2
Cheikh Samb,sambch01,2009,C,24,NYK,2,8,,,,,100%,-7.1,-4.4,0,0,0,0,0,0,0,0,0
Brian Scalabrine,scalabr01,2009,C,30,BOS,39,504,,,6%,53%,41%,11.6,3.6,4,1,41,4,8,6,42,1,5
Luis Scola,scolalu01,2009,PF,28,HOU,82,2488,,,1%,95%,5%,4.8,1.0,43,34,89,24,113,29,315,16,60
Thabo Sefolosha,sefolth01,2009,SF-SG,24,TOT,66,1453,,40%,57%,3%,,-4.3,-1.1,27,21,51,7,28,4,248,5,21
Thabo Sefolosha,sefolth01,2009,SF,24,CHI,43,735,,25%,69%,5%,,-3.0,-3.5,19,10,23,5,10,3,147,2,16
Thabo Sefolosha,sefolth01,2009,SG,24,OKC,23,718,,55%,44%,1%,,-5.7,1.3,8,11,28,2,18,1,101,3,5
Mouhamed Sene,senesa01,2009,C,22,TOT,6,29,,,,67%,33%,6.3,12.3,1,1,1,0,4,0,0,2,0
Mouhamed Sene,senesa01,2009,C,22,OKC,5,23,,,,84%,16%,5.7,12.6,1,1,1,0,3,0,0,1,0
Mouhamed Sene,senesa01,2009,C,22,NYK,1,6,,,,,100%,8.3,11.1,0,0,0,0,1,0,0,1,0
Ramon Sessions,sessira01,2009,PG,22,MIL,79,2173,67%,33%,,,,-1.0,0.7,91,46,56,8,144,14,1007,26,64
Walter Sharpe,sharpwa01,2009,PF,22,DET,8,20,,,,66%,34%,-14.8,-14.4,0,0,2,0,0,0,0,0,0
Bobby Simmons,simmobo01,2009,SF,28,NJN,71,1729,,9%,80%,11%,,0.1,5.1,28,11,87,7,26,7,206,5,16
Cedric Simmons,simmoce01,2009,PF,23,TOT,18,84,,,2%,40%,59%,-13.8,-11.2,1,1,6,0,7,2,4,2,4
Cedric Simmons,simmoce01,2009,PF,23,CHI,11,61,,,2%,53%,45%,0.3,0.4,0,0,4,0,6,1,4,2,3
Cedric Simmons,simmoce01,2009,PF,23,SAC,7,23,,,,5%,95%,-51.2,-42.0,1,1,2,0,1,1,0,0,1
Courtney Sims,simsco01,2009,C,25,TOT,2,13,,,,15%,85%,3.5,5.5,0,0,0,0,0,0,0,0,1
Courtney Sims,simsco01,2009,C,25,PHO,1,2,,,,100%,,-25.0,-27.1,0,0,0,0,0,0,0,0,0
Courtney Sims,simsco01,2009,C,25,NYK,1,11,,,,,100%,8.7,11.5,0,0,0,0,0,0,0,0,1
Sean Singletary,singlse01,2009,PG,23,TOT,37,303,84%,16%,,,,-7.5,-7.8,14,5,15,1,7,1,62,0,7
Sean Singletary,singlse01,2009,PG,23,PHO,13,122,100%,,,,,-4.9,-7.2,4,1,4,0,2,0,26,0,3
Sean Singletary,singlse01,2009,PG,23,CHA,24,181,73%,27%,,,,-9.2,-8.2,10,4,11,1,5,1,36,0,4
James Singleton,singlja01,2009,PF,27,DAL,62,884,,,21%,79%,1%,4.2,2.3,18,7,66,9,35,8,39,12,15
Brian Skinner,skinnbr01,2009,PF,32,LAC,51,843,,,,73%,27%,-17.3,-9.2,17,8,63,9,21,0,59,3,18
Craig Smith,smithcr01,2009,PF,25,MIN,74,1460,,,4%,92%,4%,-6.5,-1.3,17,44,89,18,126,7,177,27,39
J.R. Smith,smithjr01,2009,SG,23,DEN,81,2245,2%,85%,13%,,,7.0,7.9,66,54,102,18,106,12,498,15,48
Joe Smith,smithjo02,2009,C,33,TOT,57,1102,,,,33%,67%,-1.8,-1.4,14,7,70,1,36,16,92,6,23
Joe Smith,smithjo02,2009,C,33,OKC,36,691,,,,42%,58%,-4.9,2.2,7,5,43,0,24,12,51,4,10
Joe Smith,smithjo02,2009,C,33,CLE,21,411,,,,18%,82%,3.5,-7.6,7,2,27,1,12,4,41,2,13
Josh Smith,smithjo03,2009,PF,23,ATL,69,2421,,,1%,94%,6%,3.4,3.9,66,58,88,14,172,29,396,41,49
Will Solomon,solomwi01,2009,PG,30,TOT,53,712,100%,,,,,-8.5,-4.4,28,11,20,6,9,3,294,1,13
Will Solomon,solomwi01,2009,PG,30,TOR,39,544,100%,,,,,-4.8,-2.1,25,10,15,5,5,1,271,1,9
Will Solomon,solomwi01,2009,PG,30,SAC,14,168,100%,,,,,-20.8,-11.8,3,1,5,1,4,2,23,0,4
Darius Songaila,songada01,2009,C,30,WAS,77,1521,,,1%,47%,51%,-5.0,5.3,30,16,89,16,44,8,199,14,28
Marreese Speights,speigma01,2009,C,21,PHI,79,1263,,,,16%,84%,-4.9,-7.0,14,10,104,9,62,12,72,11,32
Jerry Stackhouse,stackje01,2009,SG,34,DAL,10,162,,67%,33%,,,-24.2,-27.8,5,3,3,0,4,0,28,1,3
DeShawn Stevenson,stevede01,2009,SG,27,WAS,32,886,22%,76%,1%,,,-10.1,-2.4,15,11,21,4,28,6,218,4,10
Peja Stojakovic,stojape01,2009,SF,31,NOH,61,2089,,,70%,28%,1%,4.7,6.1,22,16,40,6,23,1,182,2,20
Amar'e Stoudemire,stoudam01,2009,PF,26,PHO,53,1948,,,,64%,36%,2.2,0.2,42,49,73,32,177,3,241,42,60
Rodney Stuckey,stuckro01,2009,PG,22,DET,79,2517,49%,51%,,,,-1.7,-3.2,82,40,99,30,146,12,848,47,78
Robert Swift,swiftro01,2009,C,23,OKC,26,343,,,,,100%,-7.2,-0.4,3,2,29,1,8,1,20,2,6
Stromile Swift,swiftst01,2009,PF,29,TOT,19,185,,,,63%,37%,-2.4,-2.9,2,6,25,4,12,2,8,2,5
Stromile Swift,swiftst01,2009,PF,29,NJN,6,64,,,,89%,11%,-3.3,-0.6,1,2,7,2,5,2,2,1,1
Stromile Swift,swiftst01,2009,PF,29,PHO,13,121,,,,49%,52%,-1.9,-4.1,1,4,18,2,7,0,6,1,4
Wally Szczerbiak,szczewa02,2009,SF,31,CLE,74,1527,,17%,79%,4%,,5.4,-8.1,21,16,54,10,34,14,195,4,15
Mike Taylor,taylomi01,2009,PG,23,LAC,51,771,100%,,,,,-8.7,1.5,32,22,32,5,34,10,247,7,21
Sebastian Telfair,telfase01,2009,PG,23,MIN,75,2095,100%,,,,,-2.5,6.6,89,34,92,10,63,16,802,15,45
Jason Terry,terryja01,2009,SG,31,DAL,74,2491,3%,89%,8%,,,2.9,1.2,61,38,58,10,83,4,568,20,38
Etan Thomas,thomaet01,2009,C,30,WAS,26,306,,,1%,17%,81%,-19.6,-12.3,2,8,19,5,11,2,13,1,6
Kenny Thomas,thomake01,2009,PF,31,SAC,8,62,,,,92%,8%,-6.7,2.8,1,0,6,0,0,1,2,0,0
Kurt Thomas,thomaku01,2009,PF,36,SAS,79,1404,,,,77%,23%,4.6,0.9,17,9,88,11,18,15,154,3,15
Tim Thomas,thomati01,2009,PF,31,TOT,64,1247,,,4%,67%,29%,0.8,5.1,22,22,80,12,57,3,162,13,28
Tim Thomas,thomati01,2009,PF,31,LAC,10,220,,,1%,98%,1%,-22.1,-12.8,7,4,18,1,16,1,22,3,10
Tim Thomas,thomati01,2009,PF,31,NYK,36,773,,,,54%,46%,1.9,5.8,12,14,49,10,30,2,110,8,16
Tim Thomas,thomati01,2009,PF,31,CHI,18,254,,,18%,82%,,17.1,18.4,3,4,13,1,11,0,30,2,2
Tyrus Thomas,thomaty01,2009,PF,22,CHI,79,2175,,,3%,86%,11%,-3.9,-8.3,57,33,129,23,137,24,163,21,52
Jason Thompson,thompja02,2009,PF,22,SAC,82,2303,,,3%,67%,30%,-6.7,6.5,44,39,162,31,135,10,218,24,76
Al Thornton,thornal01,2009,SF,25,LAC,71,2654,,1%,80%,19%,,-11.7,-5.1,37,38,114,26,144,15,241,33,70
Anthony Tolliver,tollian01,2009,PF,23,SAS,19,208,,,,100%,,0.5,-3.7,3,2,12,0,3,4,37,0,1
Alando Tucker,tuckeal02,2009,SG,24,PHO,30,282,,92%,8%,,,3.7,1.8,7,3,8,0,17,6,28,6,9
Ronny Turiaf,turiaro01,2009,C,26,GSW,79,1696,,,,15%,85%,-1.7,3.9,33,20,149,9,58,22,391,20,23
Hedo Turkoglu,turkohe01,2009,SF,29,ORL,77,2815,,1%,94%,6%,,9.7,6.6,108,56,106,18,158,9,909,27,43
Ime Udoka,udokaim01,2009,SF,31,SAS,67,1035,,14%,61%,25%,,7.2,4.4,19,14,39,3,19,3,117,5,11
Beno Udrih,udrihbe01,2009,PG,26,SAC,73,2270,80%,20%,,,,-7.8,3.8,89,52,112,6,54,12,778,11,29
Roko Ukic,ukicro01,2009,PG,24,TOR,72,890,85%,15%,,,,-4.9,-2.5,18,21,25,4,30,5,344,12,34
Anderson Varejao,varejan01,2009,PF,26,CLE,81,2306,,,,57%,43%,11.2,2.1,27,30,119,7,113,51,185,25,36
Jacque Vaughn,vaughja01,2009,PG,33,SAS,30,292,100%,,,,,-5.0,-9.7,6,8,8,1,9,0,128,2,8
Charlie Villanueva,villach01,2009,PF,24,MIL,78,2095,,,,71%,29%,-1.7,-0.8,49,39,132,24,110,20,309,26,48
Jake Voskuhl,voskuja01,2009,C,31,TOR,38,240,,,,4%,97%,1.7,5.0,7,1,27,5,7,0,17,0,2
Sasha Vujacic,vujacsa01,2009,SG,24,LAL,80,1293,3%,81%,16%,,,2.8,-8.1,22,8,70,1,13,12,242,3,15
Dwyane Wade,wadedw01,2009,SG,27,MIA,79,3048,9%,90%,1%,,,3.2,14.2,133,100,80,17,346,14,1341,83,57
Von Wafer,wafervo01,2009,SG,23,HOU,63,1225,,62%,37%,,,5.0,0.7,27,11,35,6,57,5,159,13,33
Henry Walker,walkebi01,2009,SF,21,BOS,29,216,,3%,84%,13%,,-10.8,-20.4,4,3,21,6,7,0,31,2,5
Ben Wallace,wallabe01,2009,PF,34,CLE,56,1314,,,,96%,5%,18.2,11.8,11,14,54,3,22,11,92,2,12
Gerald Wallace,wallage01,2009,SF,26,CHA,71,2669,,6%,88%,7%,,1.0,7.4,55,40,81,38,209,48,422,46,103
Rasheed Wallace,wallara01,2009,C,34,DET,66,2123,,,,13%,87%,1.6,4.4,25,18,132,11,42,4,193,6,11
Luke Walton,waltolu01,2009,SF,28,LAL,65,1166,,,93%,7%,,9.2,1.5,47,13,50,7,22,11,380,5,20
Hakim Warrick,warriha01,2009,PF,26,MEM,82,2029,,,,92%,7%,-4.6,2.4,18,34,69,29,177,14,157,28,55
C.J. Watson,watsocj01,2009,PG,24,GSW,77,1883,100%,,,,,-2.4,3.0,40,28,55,15,64,15,469,16,27
Earl Watson,watsoea01,2009,PG,29,OKC,68,1776,94%,6%,,,,-7.7,-1.7,87,39,55,16,38,25,836,11,31
Kyle Weaver,weaveky01,2009,SG,22,OKC,56,1166,1%,86%,13%,1%,,-1.9,6.9,43,13,48,4,25,6,213,9,13
Martell Webster,webstma02,2009,SF,22,POR,1,5,,,100%,,,-50.0,-56.4,0,0,0,0,0,0,0,0,0
Sonny Weems,weemsso01,2009,SG,22,DEN,12,55,33%,65%,3%,,,-33.1,-37.3,3,3,3,0,3,0,9,0,2
David West,westda01,2009,PF,28,NOH,76,2982,,,,87%,13%,4.0,8.7,50,70,108,27,173,6,436,37,53
Delonte West,westde01,2009,SG,25,CLE,64,2152,10%,88%,3%,,,15.2,10.7,54,18,52,8,45,6,497,14,30
Mario West,westma02,2009,SG,24,ATL,53,269,6%,63%,30%,,,1.2,-0.8,4,1,20,1,10,2,47,0,6
Russell Westbrook,westbru01,2009,PG,20,OKC,82,2668,72%,27%,1%,,,-5.5,3.8,95,105,56,35,181,8,943,30,91
D.J. White,whitedj01,2009,PF,22,OKC,7,130,,,,72%,28%,0.0,7.0,3,0,7,0,8,0,13,3,7
James White,whiteja02,2009,SF,26,HOU,4,11,,,13%,88%,,-32.5,-37.1,2,1,0,0,0,0,3,0,0
Chris Wilcox,wilcoch01,2009,C,26,TOT,62,1049,,,,41%,59%,-8.7,-3.7,27,25,78,10,72,5,107,20,24
Chris Wilcox,wilcoch01,2009,C,26,OKC,37,719,,,,58%,43%,-8.7,-2.3,23,17,54,6,44,4,74,11,15
Chris Wilcox,wilcoch01,2009,C,26,NYK,25,330,,,,5%,95%,-8.8,-6.6,4,8,24,4,28,1,33,9,9
Damien Wilkins,wilkida02,2009,SG,29,OKC,41,636,,71%,26%,3%,,-12.4,-6.7,14,7,27,5,19,5,84,4,8
Deron Williams,willide01,2009,PG,24,UTA,68,2505,94%,6%,,,,3.1,0.9,134,66,56,15,158,25,1606,38,54
Jawad Williams,willija04,2009,SF,25,CLE,10,20,,,66%,34%,,16.7,6.4,1,0,2,0,0,0,0,0,2
Lou Williams,willilo02,2009,SG,22,PHI,81,1919,49%,51%,,,,-3.2,-6.0,66,50,49,21,174,12,552,38,70
Marcus Williams,willima03,2009,PG,23,GSW,9,54,91%,10%,,,,-3.5,0.4,3,1,2,0,3,0,27,0,1
Marcus Williams,willima04,2009,PF,22,SAS,2,3,,,,100%,,-42.9,-46.9,0,0,0,0,0,0,0,0,0
Marvin Williams,willima02,2009,SF,22,ATL,61,2093,,,66%,34%,1%,0.2,-3.6,24,20,64,17,115,5,180,19,49
Mo Williams,willima01,2009,PG,26,CLE,81,2834,100%,,,,,11.3,3.4,91,48,97,16,55,39,744,9,42
Sean Williams,willise01,2009,PF,22,NJN,33,366,,,5%,63%,33%,-3.6,-0.9,7,4,38,6,15,11,29,2,8
Shawne Williams,willish03,2009,SF,22,DAL,15,170,,1%,86%,13%,,7.4,5.2,0,2,10,0,4,1,5,1,6
Shelden Williams,willish02,2009,PF,25,TOT,45,512,,,4%,58%,38%,-3.4,4.8,10,13,30,8,29,6,25,3,22
Shelden Williams,willish02,2009,PF,25,SAC,30,305,,,7%,83%,9%,-8.0,1.6,8,10,15,5,20,4,17,2,7
Shelden Williams,willish02,2009,PF,25,MIN,15,207,,,,21%,79%,3.4,9.6,2,3,15,3,9,2,8,1,15
Metta World Peace,artesro01,2009,SF,29,HOU,69,2452,,,87%,13%,,7.1,6.9,62,27,46,28,112,10,513,17,65
Antoine Wright,wrighan01,2009,SF,24,DAL,65,1552,,40%,60%,,,2.9,0.7,26,20,97,4,47,8,184,11,31
Brandan Wright,wrighbr03,2009,PF,21,GSW,39,688,,,,81%,19%,-4.1,-0.1,9,8,49,3,41,2,49,11,18
Dorell Wright,wrighdo01,2009,SF,23,MIA,6,73,,,47%,53%,,-12.4,-12.7,3,1,6,0,2,0,5,0,2
Julian Wright,wrighju01,2009,SF,21,NOH,54,772,,,58%,41%,,1.4,-0.6,20,16,30,1,17,3,91,6,8
Lorenzen Wright,wrighlo02,2009,C,33,CLE,17,125,,,,,100%,2.2,-8.4,2,3,10,4,2,0,6,0,5
Nick Young,youngni01,2009,SG,23,WAS,82,1837,2%,92%,7%,,,-4.9,6.3,24,36,63,8,79,16,203,15,33
Thaddeus Young,youngth01,2009,PF,20,PHI,75,2580,,,34%,66%,,3.1,9.3,28,42,64,16,87,16,184,18,49
Sun Yue,yuesu01,2009,SG,23,LAL,10,28,5%,76%,19%,,,-78.6,-87.5,1,0,5,1,0,0,4,0,0
