Totals,PlayerID,Year,Position Estimate,+/- Per 100 Poss.,Turnovers,Fouls Committed,Fouls Drawn,Misc.,Rk,Player,Pos,Age,Tm,G,MP,PG%,SG%,SF%,PF%,C%,OnCourt,On-Off,BadPass,LostBall,Shoot,Off.,Shoot,Off.,PGA,And1,Blkd
Mahmoud Abdul-Rauf,abdulma02,2001,PG,31,VAN,41,486,100%,,,,,-1.5,5.2,15,7,23,1,8,,162,0,6
Tariq Abdul-Wahad,abdulta01,2001,SG,26,DEN,29,420,,96%,4%,,,-9.9,-8.5,13,12,23,7,13,,45,2,10
Shareef Abdur-Rahim,abdursh01,2001,SF,24,VAN,81,3241,,2%,78%,21%,,-7.0,-5.1,70,81,93,41,198,,556,48,151
Cory Alexander,alexaco01,2001,PG,27,ORL,26,227,74%,26%,,,,-8.6,-10.2,21,3,15,0,6,,80,2,2
Courtney Alexander,alexaco02,2001,PG,23,TOT,65,1382,16%,72%,13%,,,-10.3,-8.3,25,31,54,9,58,,131,15,35
Courtney Alexander,alexaco02,2001,PG,23,DAL,38,472,39%,49%,13%,,,-11.2,-17.9,8,5,23,4,20,,46,5,12
Courtney Alexander,alexaco02,2001,PG,23,WAS,27,910,4%,83%,13%,,,-9.8,-3.4,17,26,31,5,38,,85,10,23
Ray Allen,allenra02,2001,SG,25,MIL,82,3129,,90%,10%,,,5.4,6.3,96,76,100,17,139,,846,32,54
Rafer Alston,alstora01,2001,PG,24,MIL,37,288,46%,54%,,,,-5.8,-10.7,13,3,12,2,7,,155,3,3
John Amaechi,amaecjo01,2001,C,30,ORL,82,1710,,,,25%,76%,-5.8,-11.9,52,40,109,18,121,,171,25,65
Derek Anderson,anderde01,2001,SG,26,SAS,82,2859,,76%,24%,,,11.7,10.3,86,41,74,20,133,,674,19,53
Kenny Anderson,anderke01,2001,PG,30,BOS,33,849,100%,,,,,-4.9,-3.1,25,13,21,6,27,,322,6,13
Nick Anderson,anderni01,2001,SG,33,SAC,21,169,,21%,79%,,,1.5,-4.9,7,0,6,0,0,,28,0,2
Shandon Anderson,andersh01,2001,SG,27,HOU,82,2396,,22%,76%,2%,,0.1,-6.3,70,32,97,16,90,,423,22,39
Greg Anthony,anthogr01,2001,PG,33,POR,58,856,94%,6%,,,,0.3,-5.5,25,11,20,1,10,,172,1,4
Darrell Armstrong,armstda01,2001,PG,32,ORL,75,2767,100%,1%,,,,3.9,9.4,141,35,42,7,55,,1149,9,41
Chucky Atkins,atkinch01,2001,PG,26,DET,81,2363,100%,,,,,-1.9,-0.3,94,39,44,8,36,,711,8,29
Stacey Augmon,augmost01,2001,SG,32,POR,66,1182,1%,58%,41%,,,2.5,-2.9,13,21,44,11,38,,217,8,13
Isaac Austin,austiis01,2001,C,31,VAN,52,845,,,,1%,99%,-5.6,0.6,27,12,46,10,16,,127,4,12
William Avery,averywi01,2001,PG,21,MIN,55,463,97%,3%,,,,-5.6,-8.2,26,5,15,5,15,,165,4,11
Dalibor Bagaric,bagarda01,2001,C,20,CHI,35,259,,,,,100%,-13.7,-3.6,7,3,24,4,14,,24,3,10
Vin Baker,bakervi01,2001,PF,29,SEA,76,2129,,,,53%,47%,-1.2,-2.5,32,43,95,58,141,,221,25,85
Erick Barkley,barkler01,2001,PG,22,POR,8,38,55%,45%,,,,-8.7,-13.4,2,3,0,0,0,,14,0,2
Dana Barros,barroda01,2001,PG,33,DET,60,1079,74%,26%,,,,-3.6,-2.5,33,19,21,1,13,,234,3,11
Brent Barry,barrybr01,2001,SG,29,SEA,67,1778,1%,90%,9%,,,2.2,4.1,58,18,63,6,39,,489,8,13
Jon Barry,barryjo01,2001,SG,31,SAC,62,1010,4%,93%,3%,,,4.9,-1.8,38,7,31,5,22,,286,3,4
Tony Battie,battito01,2001,C,24,BOS,40,845,,,,6%,94%,-1.9,0.7,12,9,71,4,27,,36,7,7
Raja Bell,bellra01,2001,SG,24,PHI,5,30,,100%,,,,13.1,8.4,1,1,0,0,0,,0,0,0
Jonathan Bender,bendejo01,2001,SF,20,IND,59,574,2%,34%,55%,8%,,-8.6,-10.1,11,13,39,12,31,,67,5,13
Corey Benjamin,benjaco01,2001,PG,22,CHI,65,857,11%,80%,9%,,,-12.5,-2.8,24,12,54,14,38,,152,8,18
David Benoit,benoida01,2001,SF,32,UTA,49,446,,1%,82%,18%,,-0.9,-6.7,7,10,31,7,14,,48,1,14
Travis Best,besttr01,2001,PG,28,IND,77,2457,99%,1%,,,,1.9,5.1,78,25,103,18,77,,1053,15,41
Mike Bibby,bibbymi01,2001,PG,22,VAN,82,3190,95%,6%,,,,-6.4,-2.0,167,56,48,13,48,,1425,6,35
Chauncey Billups,billuch01,2001,SG,24,MIN,77,1790,31%,67%,2%,,,1.3,-0.6,51,31,68,14,65,,540,13,48
Mookie Blaylock,blaylmo01,2001,PG,33,GSW,69,2352,100%,,,,,-7.4,5.7,90,24,70,3,31,,967,7,21
Corie Blount,blounco01,2001,PF,32,TOT,68,1305,,,3%,80%,17%,-12.1,-7.6,31,22,75,12,35,,126,4,27
Corie Blount,blounco01,2001,PF,32,PHO,30,387,,,6%,78%,16%,-0.5,-3.2,6,2,27,8,8,,18,2,5
Corie Blount,blounco01,2001,PF,32,GSW,38,918,,,2%,81%,17%,-16.9,-9.4,25,20,48,4,27,,108,2,22
Mark Blount,blounma01,2001,C,25,BOS,64,1098,,,,,100%,-3.5,-1.5,12,23,88,8,32,,74,6,21
Muggsy Bogues,boguemu01,2001,PG,36,TOR,3,34,100%,,,,,-27.4,-30.2,2,2,0,0,0,,11,0,0
Etdrick Bohannon,bohanet01,2001,PF,27,CLE,6,19,,,,43%,57%,20.7,25.6,0,0,1,1,1,,0,0,1
Calvin Booth,boothca01,2001,C,24,TOT,55,933,,,,7%,93%,-6.7,-3.7,21,10,76,12,31,,90,6,25
Calvin Booth,boothca01,2001,C,24,WAS,40,640,,,,,100%,-11.2,-4.7,9,8,45,11,19,,48,5,16
Calvin Booth,boothca01,2001,C,24,DAL,15,293,,,,21%,79%,3.1,-1.6,12,2,31,1,12,,42,1,9
Cal Bowdler,bowdlca01,2001,SF,23,ATL,44,375,,,8%,92%,,3.3,10.1,5,4,18,1,16,,11,2,12
Bruce Bowen,bowenbr01,2001,SF,29,MIA,82,2685,,6%,91%,3%,,2.7,0.3,44,20,82,4,55,,305,10,34
Ryan Bowen,bowenry01,2001,SF,25,DEN,57,696,,11%,75%,14%,,-1.5,1.1,14,3,38,3,21,,62,8,17
Ira Bowman,bowmair01,2001,PG,27,ATL,3,19,74%,27%,,,,-10.9,-5.1,0,1,0,0,0,,14,0,1
Earl Boykins,boykiea01,2001,PG,24,LAC,10,149,100%,,,,,-3.2,0.1,7,2,0,0,6,,66,2,2
Shawn Bradley,bradlsh01,2001,C,28,DAL,82,2001,,,,,100%,10.5,11.8,39,17,137,14,80,,84,16,34
Elton Brand,brandel01,2001,PF,21,CHI,74,2906,,,2%,72%,26%,-8.7,6.1,64,77,100,34,192,,543,47,95
Terrell Brandon,brandte01,2001,PG,30,MIN,78,2821,100%,,,,,2.2,2.1,92,40,60,7,53,,1231,4,40
Chucky Brown,brownch01,2001,SF,32,TOT,26,339,,3%,76%,21%,,-5.0,0.9,4,1,12,3,16,,24,4,8
Chucky Brown,brownch01,2001,SF,32,GSW,6,74,,5%,66%,29%,,-1.4,8.4,0,1,3,1,4,,11,2,0
Chucky Brown,brownch01,2001,SF,32,CLE,20,265,,3%,79%,18%,,-6.0,-1.2,4,0,9,2,12,,13,2,8
Dee Brown,brownde01,2001,PG,32,ORL,7,155,100%,,,,,-9.7,-11.1,5,2,3,0,0,,27,0,0
P.J. Brown,brownpj01,2001,C,31,CHH,80,2811,,,,23%,77%,4.7,7.6,43,29,116,22,89,,278,17,36
Randy Brown,brownra02,2001,PG,32,BOS,54,1238,100%,,,,,-2.2,0.4,35,14,50,6,11,,383,1,16
Rick Brunson,brunsri01,2001,PG,28,TOT,22,208,81%,16%,3%,,,-2.5,-1.9,12,4,8,1,4,,76,1,6
Rick Brunson,brunsri01,2001,PG,28,BOS,7,142,100%,,,,,-4.8,-2.4,6,3,6,0,3,,61,1,5
Rick Brunson,brunsri01,2001,PG,28,NYK,15,66,41%,49%,10%,,,2.4,-0.7,6,1,2,1,1,,15,0,1
Kobe Bryant,bryanko01,2001,SG,22,LAL,68,2783,,65%,34%,,,6.4,8.8,67,82,78,42,221,,735,51,75
Mark Bryant,bryanma01,2001,PF,35,DAL,18,101,,,14%,38%,48%,-9.4,-14.3,2,2,13,1,2,,8,1,1
Greg Buckner,buckngr01,2001,SG,24,DAL,37,820,,62%,36%,2%,,5.7,1.4,8,9,47,6,38,,114,11,26
Jud Buechler,buechju01,2001,SF,32,DET,57,737,,14%,84%,2%,,0.6,3.0,11,5,27,6,3,,88,2,6
Rodney Buford,buforro01,2001,SF,23,PHI,47,573,,34%,65%,,,-0.6,-6.2,14,9,30,4,12,,37,1,6
Matt Bullard,bullama01,2001,PF,33,HOU,61,1000,,,1%,59%,41%,8.7,8.3,6,4,43,2,2,,96,1,5
Scott Burrell,burresc01,2001,SF,30,CHH,4,41,,65%,35%,,,-14.5,-17.1,0,0,3,0,2,,3,0,1
Jason Caffey,caffeja01,2001,PF,27,MIL,70,1460,,,30%,62%,8%,-1.8,-9.4,13,24,72,29,99,,122,17,40
Marcus Camby,cambyma01,2001,C,26,NYK,63,2127,,,,3%,98%,2.4,-1.6,19,14,96,12,111,,110,29,34
Elden Campbell,campbel01,2001,PF,32,CHH,78,2337,,,,76%,24%,3.5,2.5,29,48,122,45,180,,241,18,61
Brian Cardinal,cardibr01,2001,PF,23,DET,15,126,,,19%,79%,2%,-14.0,-12.6,3,2,13,3,8,,6,2,3
Chris Carr,carrch01,2001,SG,26,BOS,35,309,3%,95%,2%,,,-10.9,-9.2,6,6,16,5,20,,27,0,6
Anthony Carter,cartean01,2001,PG,25,MIA,72,1630,56%,44%,1%,,,2.2,-0.6,74,26,62,14,28,,594,6,19
Vince Carter,cartevi01,2001,SF,24,TOR,75,2979,,31%,68%,2%,,5.5,11.6,78,39,83,22,172,,621,28,57
Sam Cassell,cassesa01,2001,PG,31,MIL,76,2709,67%,33%,,,,3.2,-3.0,112,52,64,28,105,,1301,19,45
Kelvin Cato,catoke01,2001,C,26,HOU,35,624,,,,,100%,10.3,9.1,6,16,50,1,27,,28,4,8
Duane Causwell,causwdu01,2001,C,32,MIA,31,384,,,,,100%,-10.8,-14.7,2,5,26,7,8,,10,1,13
Cedric Ceballos,cebalce01,2001,SF,31,TOT,40,559,,36%,59%,5%,,-3.4,-5.2,11,13,32,3,17,,43,3,18
Cedric Ceballos,cebalce01,2001,SF,31,DET,13,166,,44%,56%,,,-3.7,-2.0,4,4,9,0,3,,14,0,3
Cedric Ceballos,cebalce01,2001,SF,31,MIA,27,393,,33%,61%,7%,,-3.3,-6.5,7,9,23,3,14,,29,3,15
Calbert Cheaney,cheanca01,2001,SG,29,DEN,9,153,26%,60%,10%,4%,,11.0,13.8,4,0,8,1,1,,21,0,2
Chris Childs,childch01,2001,PG,33,TOT,77,1859,99%,1%,,,,1.4,-2.3,106,19,87,21,16,,785,4,16
Chris Childs,childch01,2001,PG,33,NYK,51,1309,99%,1%,,,,1.1,-3.1,63,11,52,15,11,,524,1,10
Chris Childs,childch01,2001,PG,33,TOR,26,550,100%,,,,,2.3,-0.3,43,8,35,6,5,,261,3,6
Doug Christie,chrisdo01,2001,SG,30,SAC,81,2939,1%,89%,10%,,,6.4,1.0,76,41,74,16,91,,623,16,60
Keon Clark,clarkke01,2001,PF,25,TOT,81,1720,,,,40%,60%,1.0,0.7,23,32,145,16,115,,158,28,60
Keon Clark,clarkke01,2001,PF,25,DEN,35,752,,,,31%,69%,-1.2,1.5,13,14,58,13,48,,74,5,33
Keon Clark,clarkke01,2001,PF,25,TOR,46,968,,,,48%,52%,2.6,0.1,10,18,87,3,67,,84,23,27
Mateen Cleaves,cleavma01,2001,PG,23,DET,78,1268,63%,36%,1%,,,-1.9,-0.1,84,28,46,12,58,,452,11,28
John Coker,cokerjo01,2001,C,29,GSW,6,32,,,,,100%,1.5,11.2,1,0,3,0,0,,5,0,0
Derrick Coleman,colemde01,2001,PF,33,CHH,34,683,,,1%,85%,14%,-8.9,-13.7,17,16,32,4,38,,90,5,25
Bimbo Coles,colesbi01,2001,PG,32,CLE,47,804,100%,,,,,-11.1,-7.8,27,12,27,7,21,,290,4,18
Jason Collier,collija02,2001,C,23,HOU,23,222,,,,,100%,-13.0,-16.4,3,4,14,4,9,,14,0,12
Sean Colson,colsose01,2001,PG,25,TOT,13,44,100%,,,,,-35.2,-35.3,1,0,3,0,0,,20,0,1
Sean Colson,colsose01,2001,PG,25,ATL,3,14,100%,,,,,-65.1,-59.4,1,0,0,0,0,,6,0,0
Sean Colson,colsose01,2001,PG,25,HOU,10,30,100%,,,,,-21.3,-24.0,0,0,3,0,0,,14,0,1
Tyrone Corbin,corbity01,2001,SF,38,TOR,15,117,,27%,68%,4%,,-16.4,-19.6,1,2,7,0,2,,9,0,6
Chris Crawford,crawfch01,2001,PF,25,ATL,47,901,,,58%,38%,4%,-8.3,-3.1,21,20,44,15,40,,87,9,21
Jamal Crawford,crawfja01,2001,PG,20,CHI,61,1050,82%,18%,,,,-13.4,-4.2,55,21,33,2,11,,292,3,12
Austin Croshere,croshau01,2001,PF,25,IND,81,1874,,,13%,71%,16%,0.0,0.2,48,28,84,42,98,,201,14,63
John Crotty,crottjo01,2001,PG,31,UTA,31,264,84%,16%,,,,1.2,-4.0,6,6,16,3,5,,77,0,6
Vonteego Cummings,cummivo01,2001,PG,24,GSW,66,1495,68%,32%,,,,-13.9,-6.9,43,29,93,7,47,,472,12,35
Bill Curley,curlebi01,2001,PF,28,TOT,20,192,,,6%,48%,47%,-8.2,0.5,6,3,26,6,8,,6,1,2
Bill Curley,curlebi01,2001,PF,28,DAL,5,15,,,,87%,13%,-30.2,-34.9,2,0,1,0,2,,0,0,0
Bill Curley,curlebi01,2001,PF,28,GSW,15,177,,,7%,44%,49%,-6.3,3.5,4,3,25,6,6,,6,1,2
Dell Curry,curryde01,2001,SG,36,TOR,71,956,60%,40%,,,,-3.7,-8.3,19,8,24,6,16,,157,4,14
Michael Curry,currymi01,2001,SG,32,DET,68,1485,,95%,5%,,,-4.4,-4.1,31,9,70,14,27,,301,5,12
Erick Dampier,dampier01,2001,C,25,GSW,43,1038,,,,,100%,-13.3,-4.9,27,31,67,14,53,,132,4,45
Antonio Daniels,daniean01,2001,PG,25,SAS,79,2060,36%,60%,4%,,,5.6,-7.0,69,24,44,6,55,,672,11,25
Kornel David,davidko01,2001,SF,29,TOT,27,209,,,16%,79%,4%,-10.2,-11.7,3,1,11,3,7,,18,1,5
Kornel David,davidko01,2001,SF,29,TOR,17,140,,,4%,91%,6%,-14.1,-17.3,2,1,8,2,7,,11,1,3
Kornel David,davidko01,2001,SF,29,DET,10,69,,,42%,56%,1%,-2.3,-0.5,1,0,3,1,0,,7,0,2
Antonio Davis,davisan01,2001,C,32,TOR,78,2729,,,,13%,87%,4.9,7.3,36,44,114,33,185,,233,35,98
Baron Davis,davisba01,2001,PG,21,CHH,82,3192,98%,3%,,,,4.7,11.1,121,52,106,33,132,,1284,30,42
Dale Davis,davisda01,2001,C,31,POR,81,2162,,,,12%,88%,4.6,0.1,17,25,105,11,71,,229,20,39
Emanual Davis,davisem01,2001,SG,32,SEA,62,1290,16%,80%,4%,,,0.8,1.2,45,17,47,5,22,,293,4,20
Hubert Davis,davishu01,2001,PG,30,TOT,66,1692,65%,35%,,,,-0.2,-2.5,35,21,34,14,20,,232,4,20
Hubert Davis,davishu01,2001,PG,30,DAL,51,1261,56%,44%,,,,2.4,-3.1,24,14,26,9,13,,132,3,13
Hubert Davis,davishu01,2001,PG,30,WAS,15,431,92%,8%,,,,-7.9,-0.8,11,7,8,5,7,,100,1,7
Ricky Davis,davisri01,2001,SG,21,MIA,7,70,3%,44%,53%,,,19.6,17.4,3,2,2,0,2,,24,0,2
Terry Davis,daviste01,2001,PF,33,DEN,19,228,,,,52%,49%,-8.8,-6.8,0,1,10,3,7,,15,2,2
Todd Day,dayto01,2001,SG,31,MIN,31,345,,78%,22%,,,1.3,-0.3,11,4,22,6,12,,59,3,8
Andrew DeClercq,declean01,2001,C,27,ORL,67,903,,,,25%,75%,7.8,8.7,16,9,110,14,37,,73,8,31
Vinny Del Negro,delnevi01,2001,PG,34,TOT,65,922,64%,36%,,,,-1.4,1.6,24,7,29,0,10,,271,3,7
Vinny Del Negro,delnevi01,2001,PG,34,GSW,29,396,37%,62%,,,,-9.3,0.4,10,2,12,0,2,,135,1,4
Vinny Del Negro,delnevi01,2001,PG,34,PHO,36,526,84%,16%,,,,4.5,2.4,14,5,17,0,8,,136,2,3
Tony Delk,delkto01,2001,SG,27,PHO,82,2288,7%,83%,10%,,,2.1,-0.7,50,33,61,10,83,,342,18,62
Derrick Dial,dialde01,2001,SG,25,SAS,33,207,,63%,34%,4%,,9.4,0.5,5,3,5,2,7,,49,1,6
Michael Dickerson,dickemi01,2001,SG,25,VAN,70,2618,,69%,31%,,,-5.8,0.9,61,54,78,31,100,,512,16,81
Vlade Divac,divacvl01,2001,C,32,SAC,81,2420,,,,,100%,5.8,-0.9,87,65,119,22,148,,521,31,84
Michael Doleac,doleami01,2001,C,23,ORL,77,1398,,,,,100%,3.1,3.2,29,12,150,13,21,,151,5,26
Keyon Dooling,doolike01,2001,PG,20,LAC,76,1237,98%,2%,,,,-0.6,3.9,46,28,45,7,64,,389,9,22
Sherman Douglas,douglsh01,2001,PG,34,NJN,59,1094,100%,,,,,-5.8,-0.1,47,19,31,9,41,,302,10,26
Bryce Drew,drewbr01,2001,PG,26,CHI,48,1305,97%,3%,,,,-7.1,4.9,45,8,37,3,2,,402,1,7
Chris Dudley,dudlech02,2001,C,35,PHO,53,613,,,,2%,98%,3.2,1.0,0,7,40,8,13,,40,1,9
Tim Duncan,duncati01,2001,PF,24,SAS,82,3174,,,,61%,39%,11.4,12.5,82,70,142,35,274,,554,53,102
Tyus Edney,edneyty01,2001,PG,27,IND,24,263,100%,,,,,-8.5,-9.0,12,7,8,0,13,,115,1,12
Kevin Edwards,edwarke01,2001,SG,35,VAN,46,634,,78%,21%,,,-2.2,4.6,21,8,17,3,16,,112,2,15
Howard Eisley,eisleho01,2001,SG,28,DAL,82,2426,22%,67%,11%,1%,,3.4,-3.1,68,14,80,7,33,,652,7,23
Obinna Ekezie,ekeziob01,2001,PF,25,TOT,33,281,,,1%,6%,93%,-11.4,-4.6,3,4,25,5,24,,21,4,9
Obinna Ekezie,ekeziob01,2001,PF,25,WAS,29,273,,,,6%,94%,-9.0,-1.9,3,4,24,5,24,,21,4,8
Obinna Ekezie,ekeziob01,2001,PF,25,DAL,4,8,,,40%,23%,37%,-93.7,-98.5,0,0,1,0,0,,0,0,1
Khalid El-Amin,elamikh01,2001,PG,21,CHI,50,936,100%,,,,,-11.5,-1.5,28,11,36,8,15,,302,3,21
Mario Elie,eliema01,2001,SG,37,PHO,68,1506,,87%,13%,,,3.1,1.2,42,12,34,2,28,,287,4,18
Sean Elliott,elliose01,2001,SF,32,SAS,52,1229,,1%,99%,,,7.1,-2.6,23,11,22,6,34,,181,10,38
LaPhonso Ellis,ellisla01,2001,PF,30,MIN,82,1948,,,5%,85%,10%,0.6,-2.0,29,28,137,27,93,,199,23,33
Pervis Ellison,ellispe01,2001,C,33,SEA,9,40,,,,31%,69%,7.8,7.9,3,0,4,0,0,,6,0,3
Evan Eschmeyer,eschmev01,2001,C,25,NJN,74,1331,,,,7%,93%,1.6,11.0,21,16,112,9,48,,85,12,35
Patrick Ewing,ewingpa01,2001,C,38,SEA,79,2107,,,,,100%,-4.0,-8.4,58,57,97,21,120,,210,23,72
Jamie Feick,feickja01,2001,C,26,NJN,6,149,,,,7%,93%,-3.9,1.8,5,1,7,1,5,,11,0,2
Danny Ferry,ferryda01,2001,SF,34,SAS,80,1688,,,85%,15%,,12.7,6.7,34,3,77,7,4,,157,0,8
Michael Finley,finlemi01,2001,SF,27,DAL,82,3443,,26%,65%,9%,,5.7,8.5,123,31,72,16,131,,841,22,68
Derek Fisher,fishede01,2001,PG,26,LAL,20,709,100%,,,,,12.7,10.8,12,10,17,4,18,,194,3,6
Marcus Fizer,fizerma01,2001,PF,22,CHI,72,1580,,,1%,45%,54%,-13.8,-5.7,53,30,79,26,66,,168,19,55
Danny Fortson,fortsda01,2001,PF,24,GSW,6,203,,,,92%,8%,-7.6,2.2,1,2,11,1,23,,12,6,6
Greg Foster,fostegr01,2001,C,32,LAL,62,451,,,,3%,97%,-13.3,-19.2,8,6,38,3,5,,69,0,3
Jeff Foster,fosteje01,2001,C,24,IND,71,1152,,,,17%,82%,3.7,5.3,19,10,72,16,32,,69,6,10
Rick Fox,foxri01,2001,SF,31,LAL,82,2291,,2%,95%,3%,,6.5,6.5,86,29,106,13,45,,556,12,42
Adonal Foyle,foylead01,2001,C,25,GSW,58,1457,,,,26%,74%,-10.5,-1.3,28,25,88,12,29,,101,6,37
Steve Francis,francst01,2001,PG,23,HOU,80,3194,72%,28%,,,,3.2,3.7,124,67,75,32,151,,1149,35,72
Todd Fuller,fulleto02,2001,C,26,MIA,10,77,,,,5%,95%,-4.9,-7.6,0,2,6,1,4,,3,0,2
Lawrence Funderburke,fundela01,2001,PF,30,SAC,59,698,,,2%,91%,7%,0.6,-6.7,6,14,18,5,34,,41,9,22
Ruben Garces,garceru01,2001,PF,27,TOT,13,73,,,22%,42%,36%,13.0,12.5,0,2,5,2,4,,10,1,1
Ruben Garces,garceru01,2001,PF,27,PHO,10,62,,,26%,49%,25%,0.7,-1.7,0,2,5,2,4,,8,1,1
Ruben Garces,garceru01,2001,PF,27,GSW,3,11,,,,,100%,82.6,92.6,0,0,0,0,0,,2,0,0
Chris Garner,garnech01,2001,PG,25,GSW,8,149,100%,,,,,-6.8,2.9,3,5,6,0,1,,36,0,2
Kevin Garnett,garneke01,2001,PF,24,MIN,81,3202,,,,48%,52%,3.3,8.8,84,59,82,28,189,,873,47,42
Dean Garrett,garrede01,2001,C,34,MIN,70,831,,,,1%,99%,-5.1,-8.4,3,9,57,4,16,,51,1,15
Pat Garrity,garripa01,2001,SF,24,ORL,76,1579,,,34%,65%,1%,-1.6,-4.3,20,18,109,18,40,,116,11,22
Chris Gatling,gatlich01,2001,PF,33,CLE,74,1670,,,,42%,58%,-6.3,-2.6,47,30,68,26,97,,133,27,48
Matt Geiger,geigema01,2001,C,31,PHI,35,542,,,,21%,79%,4.4,-0.4,6,8,31,7,21,,30,2,15
Devean George,georgde01,2001,SF,23,LAL,59,593,,,88%,12%,,-6.6,-12.2,13,9,35,8,23,,41,3,19
Eddie Gill,gilled01,2001,PG,22,NJN,8,152,100%,,,,,-13.6,-8.3,7,2,3,1,3,,51,1,4
Kendall Gill,gillke01,2001,SG,32,NJN,31,892,,79%,21%,,,-5.1,0.8,18,16,25,5,39,,189,8,28
Dion Glover,glovedi01,2001,SG,22,ATL,57,929,,58%,42%,,,-2.8,4.0,19,18,48,5,35,,149,6,29
Anthony Goldwire,goldwan01,2001,PG,29,DEN,20,201,98%,2%,,,,-6.0,-3.8,11,3,5,0,6,,77,2,5
Steve Goodrich,goodrst01,2001,PF,24,CHI,12,133,,,83%,17%,,-5.2,5.3,3,0,4,2,4,,12,1,1
Brian Grant,grantbr01,2001,C,28,MIA,82,2771,,,,13%,87%,3.3,2.4,60,39,121,46,136,,221,34,117
Gary Grant,grantga01,2001,PG,35,POR,4,17,96%,4%,,,,12.1,7.6,0,0,1,0,0,,2,0,0
Horace Grant,grantho01,2001,PF,35,LAL,77,2390,,,,93%,7%,7.3,8.7,25,13,94,3,58,,266,12,28
A.C. Green,greenac01,2001,PF,37,MIA,82,1411,,,,47%,53%,3.6,1.6,13,19,41,6,44,,84,13,29
Adrian Griffin,griffad01,2001,SF,26,BOS,44,377,1%,71%,28%,,,-4.0,-1.7,2,8,19,4,11,,60,1,8
Tom Gugliotta,guglito01,2001,PF,31,PHO,57,1159,,,,32%,68%,2.8,0.6,26,13,66,7,28,,123,5,32
A.J. Guyton,guytoaj01,2001,PG,22,CHI,33,630,99%,1%,,,,-11.6,-1.5,14,6,18,0,5,,143,1,3
Darvin Ham,hamda01,2001,SF,27,MIL,29,540,,2%,89%,9%,,-2.1,-7.3,12,5,41,8,16,,57,5,12
Richard Hamilton,hamilri01,2001,SF,22,WAS,78,2519,2%,38%,60%,,,-7.1,0.4,82,61,65,36,107,,480,26,91
Zendon Hamilton,hamilze01,2001,C,25,LAC,3,19,,,,36%,64%,-23.7,-20.5,0,1,1,1,3,,0,0,1
Tom Hammonds,hammoto01,2001,PF,33,MIN,7,30,,,24%,61%,15%,18.2,16.8,2,0,3,1,1,,3,0,0
Anfernee Hardaway,hardaan01,2001,SG,29,PHO,4,112,,95%,5%,,,-4.6,-7.1,3,0,1,0,6,,31,1,1
Tim Hardaway,hardati01,2001,PG,34,MIA,77,2613,100%,,,,,4.4,5.5,117,51,60,12,34,,1048,3,18
Ron Harper,harpero01,2001,PG,37,LAL,47,1139,94%,7%,,,,4.1,0.4,40,11,27,8,18,,251,5,19
Matt Harpring,harprma01,2001,SG,24,CLE,56,1615,,59%,41%,,,-5.5,-1.1,44,24,78,17,63,,216,10,40
Al Harrington,harrial01,2001,PF,20,IND,78,1892,,1%,70%,28%,1%,0.1,0.3,53,31,74,39,65,,287,11,48
Othella Harrington,harriot01,2001,C,27,TOT,74,1815,,,2%,57%,42%,-1.0,2.7,30,47,94,32,85,,122,23,52
Othella Harrington,harriot01,2001,C,27,VAN,44,1267,,,,69%,31%,-5.6,0.7,22,34,45,23,59,,76,14,43
Othella Harrington,harriot01,2001,C,27,NYK,30,548,,,5%,27%,68%,9.6,7.5,8,13,49,9,26,,46,9,9
Lucious Harris,harrilu01,2001,SG,30,NJN,73,2071,2%,96%,3%,,,-5.2,1.0,38,20,59,5,58,,296,12,35
Jason Hart,hartja01,2001,PG,22,MIL,1,10,62%,38%,,,,-7.3,-11.4,2,0,0,0,0,,3,0,0
Antonio Harvey,harvean01,2001,PF,30,POR,12,72,,,,67%,33%,-16.7,-21.6,1,1,8,0,1,,10,0,2
Donnell Harvey,harvedo01,2001,PF,20,DAL,18,65,,12%,51%,30%,7%,-3.3,-8.0,1,1,6,2,8,,4,2,1
Hersey Hawkins,hawkihe01,2001,SG,34,CHH,59,681,1%,96%,3%,,,-0.9,-4.0,8,9,23,2,19,,147,1,11
Michael Hawkins,hawkimi01,2001,PG,28,CLE,10,76,100%,,,,,-23.2,-18.8,5,1,7,0,0,,28,0,0
Alan Henderson,hendeal01,2001,PF,28,ATL,73,1810,,,,79%,21%,-7.9,-3.7,36,50,75,19,124,,114,25,82
Cedric Henderson,hendece02,2001,SF,25,CLE,55,961,,14%,78%,7%,,-6.9,-2.8,36,12,46,4,20,,166,6,16
Chris Herren,herrech01,2001,PG,25,BOS,25,408,100%,,,,,0.4,3.2,9,8,11,2,6,,135,0,6
Grant Hill,hillgr01,2001,SF,28,ORL,4,133,,10%,83%,7%,,-10.3,-11.7,4,4,2,3,12,,56,2,4
Tyrone Hill,hillty01,2001,PF,32,PHI,76,2363,,,,86%,14%,4.2,-1.4,31,40,90,32,115,,106,23,48
Fred Hoiberg,hoibefr01,2001,SG,28,CHI,74,2247,9%,79%,12%,,,-9.6,1.7,50,16,80,6,61,,554,7,17
Robert Horry,horryro01,2001,PF,30,LAL,79,1587,,,13%,86%,1%,1.8,-3.4,50,15,83,9,21,,282,3,8
Eddie House,houseed01,2001,PG,22,MIA,50,550,83%,17%,,,,-0.8,-3.9,22,6,26,4,9,,108,0,7
Allan Houston,houstal01,2001,SG,29,NYK,78,2858,12%,81%,7%,,,1.9,-4.4,75,48,66,26,83,,382,13,59
Juwan Howard,howarju01,2001,PF,27,TOT,81,2974,,,19%,67%,15%,-1.9,2.3,97,50,106,54,163,,502,33,94
Juwan Howard,howarju01,2001,PF,27,WAS,54,1981,,,,80%,21%,-6.1,2.2,56,43,57,38,105,,346,22,68
Juwan Howard,howarju01,2001,PF,27,DAL,27,993,,,57%,41%,3%,6.4,2.5,41,7,49,16,58,,156,11,26
Troy Hudson,hudsotr01,2001,PG,24,ORL,75,1008,82%,18%,,,,-5.3,-8.5,57,24,21,3,30,,365,5,29
Larry Hughes,hughela01,2001,SG,22,GSW,50,1846,15%,75%,10%,,,-6.7,5.5,65,53,73,10,106,,478,14,63
Lindsey Hunter,hunteli01,2001,PG,30,MIL,82,2002,100%,,,,,4.7,1.0,36,23,63,6,35,,494,6,20
Zydrunas Ilgauskas,ilgauzy01,2001,C,25,CLE,24,616,,,,,100%,-1.3,4.1,13,15,30,13,38,,39,6,17
Allen Iverson,iversal01,2001,SG,25,PHI,71,2979,39%,60%,1%,,,5.7,4.1,104,74,46,25,267,,696,46,96
Bobby Jackson,jacksbo01,2001,PG,27,SAC,79,1648,97%,3%,,,,8.2,3.3,47,33,51,8,34,,339,10,32
Jaren Jackson,jacksja01,2001,SG,33,SAS,16,114,,24%,73%,3%,,-4.7,-14.0,2,1,5,0,1,,14,0,1
Jim Jackson,jacksji01,2001,SF,30,TOT,56,1690,,63%,36%,1%,,-8.6,-4.4,71,27,70,12,52,,347,4,40
Jim Jackson,jacksji01,2001,SF,30,ATL,17,550,,57%,43%,,,-12.1,-7.3,26,8,18,5,24,,109,1,19
Jim Jackson,jacksji01,2001,SF,30,CLE,39,1140,,66%,32%,1%,,-7.0,-3.1,45,19,52,7,28,,238,3,21
Marc Jackson,jacksma02,2001,C,26,GSW,48,1410,,,,2%,98%,-9.3,0.5,28,25,59,17,80,,133,15,50
Mark Jackson,jacksma01,2001,PG,35,TOT,83,2588,100%,,,,,0.8,-2.4,126,30,48,13,27,,1415,9,38
Mark Jackson,jacksma01,2001,PG,35,TOR,54,1802,100%,,,,,2.6,0.1,86,19,24,9,23,,1071,8,30
Mark Jackson,jacksma01,2001,PG,35,NYK,29,786,100%,,,,,-3.3,-8.1,40,11,24,4,4,,344,1,8
Stephen Jackson,jacksst02,2001,SF,22,NJN,77,1660,,8%,84%,8%,,-5.1,1.0,55,41,70,16,59,,286,8,36
Sam Jacobson,jacobsa01,2001,PG,25,MIN,14,59,14%,85%,,,,3.8,2.3,0,0,8,1,2,,8,1,1
Tim James,jamesti01,2001,SF,24,CHH,30,197,,51%,49%,,,-0.5,-3.1,2,3,12,2,7,,17,0,3
Antawn Jamison,jamisan01,2001,SF,24,GSW,82,3394,,1%,42%,56%,1%,-8.4,8.9,81,65,101,33,211,,352,53,98
Anthony Johnson,johnsan02,2001,PG,26,TOT,53,511,66%,35%,,,,-10.4,-5.4,17,6,22,1,13,,170,2,9
Anthony Johnson,johnsan02,2001,PG,26,ATL,25,279,40%,60%,,,,-12.0,-6.6,10,2,13,1,7,,75,1,3
Anthony Johnson,johnsan02,2001,PG,26,CLE,28,232,97%,4%,,,,-8.6,-4.1,7,4,9,0,6,,95,1,6
Avery Johnson,johnsav01,2001,PG,35,SAS,55,1290,100%,,,,,7.3,-2.3,41,9,28,2,20,,526,4,18
DerMarr Johnson,johnsde03,2001,SF,20,ATL,78,1313,,14%,86%,,,-6.8,-1.4,41,32,54,8,36,,135,8,31
Ervin Johnson,johnser02,2001,C,33,MIL,82,1981,,,,,100%,5.5,2.6,16,5,149,12,39,,98,4,21
Larry Johnson,johnsla02,2001,PF,31,NYK,65,2105,,,2%,93%,5%,-0.6,-7.9,38,27,100,17,56,,289,16,44
Damon Jones,jonesda01,2001,PG,24,VAN,71,1415,31%,68%,1%,,,-7.8,-2.6,51,19,19,1,12,,476,4,13
Eddie Jones,jonesed02,2001,SG,29,MIA,63,2282,,92%,8%,,,3.0,1.2,61,35,67,19,89,,382,16,44
Jumaine Jones,jonesju01,2001,SF,21,PHI,65,866,,,52%,47%,,-0.2,-6.4,13,15,33,2,24,,69,5,18
Popeye Jones,jonespo01,2001,PF,30,WAS,45,638,,,1%,61%,38%,-3.3,4.7,9,4,39,5,21,,64,1,9
Garth Joseph,josepga01,2001,C,27,TOT,4,16,,,,,100%,-37.0,-37.2,0,1,0,1,1,,2,0,2
Garth Joseph,josepga01,2001,C,27,TOR,2,8,,,,,100%,-61.5,-64.2,0,0,0,1,0,,2,0,1
Garth Joseph,josepga01,2001,C,27,DEN,2,8,,,,,100%,-12.5,-10.2,0,1,0,0,1,,0,0,1
Adam Keefe,keefead01,2001,PF,30,GSW,67,836,,,17%,70%,13%,-10.2,-0.7,17,9,46,11,25,,78,5,20
Shawn Kemp,kempsh01,2001,PF,31,POR,68,1083,,,,52%,48%,-1.6,-8.5,33,19,108,25,54,,144,9,28
Steve Kerr,kerrst01,2001,PG,35,SAS,55,650,88%,12%,,,,1.6,-8.7,15,5,13,0,1,,125,0,2
Jerome Kersey,kerseje01,2001,SF,38,MIL,22,243,,10%,84%,6%,,1.5,-2.9,4,1,16,0,5,,34,0,1
Lari Ketner,ketnela01,2001,PF,23,IND,3,7,,,,39%,61%,-16.0,-16.0,0,2,0,0,0,,2,0,0
Jason Kidd,kiddja01,2001,PG,27,PHO,77,3065,91%,10%,,,,2.1,-1.3,189,58,68,19,108,,1604,21,47
Gerard King,kingge02,2001,SF,28,WAS,45,706,,1%,68%,32%,,-8.5,-1.5,15,14,48,16,16,,68,3,11
Brevin Knight,knighbr01,2001,PG,25,TOT,53,1457,100%,,,,,-8.1,-3.5,66,15,59,2,24,,676,3,21
Brevin Knight,knighbr01,2001,PG,25,CLE,6,93,100%,,,,,-10.0,-5.4,3,4,4,0,2,,54,0,1
Brevin Knight,knighbr01,2001,PG,25,ATL,47,1364,100%,,,,,-8.0,-3.3,63,11,55,2,22,,622,3,20
Travis Knight,knightr01,2001,C,26,NYK,45,256,,,,36%,64%,-1.6,-5.1,3,3,20,3,6,,11,0,4
Toni Kukoc,kukocto01,2001,SF,32,TOT,65,1597,,2%,51%,46%,2%,4.1,4.5,67,28,32,12,62,,427,16,33
Toni Kukoc,kukocto01,2001,SF,32,PHI,48,979,,,29%,69%,3%,9.2,6.0,37,18,23,4,30,,197,9,21
Toni Kukoc,kukocto01,2001,SF,32,ATL,17,618,,5%,86%,9%,,-4.0,2.2,30,10,9,8,32,,230,7,12
Christian Laettner,laettch01,2001,C-PF,31,TOT,78,1663,,,,23%,77%,-2.4,-2.3,68,37,98,25,92,,262,24,30
Christian Laettner,laettch01,2001,C,31,DAL,53,930,,,,11%,89%,0.4,-5.4,37,15,66,13,44,,145,15,21
Christian Laettner,laettch01,2001,PF,31,WAS,25,733,,,,38%,62%,-5.9,1.7,31,22,32,12,48,,117,9,9
Raef LaFrentz,lafrera01,2001,C,24,DEN,78,2457,,,,18%,82%,-0.7,4.2,28,26,173,22,118,,240,27,88
Trajan Langdon,langdtr01,2001,SG,24,CLE,65,1116,2%,97%,2%,,,-1.9,4.0,22,14,54,11,20,,171,6,24
Dan Langhi,langhda01,2001,SF,23,HOU,33,241,,8%,53%,37%,2%,-8.1,-11.4,3,3,7,2,7,,10,1,12
Voshon Lenard,lenarvo01,2001,SG,27,DEN,80,2331,2%,98%,,,,-2.3,0.1,53,21,77,16,64,,404,12,62
Quincy Lewis,lewisqu01,2001,SF,23,UTA,35,402,,83%,17%,,,6.8,2.0,3,2,27,8,9,,38,1,12
Rashard Lewis,lewisra02,2001,PF,21,SEA,78,2720,,,53%,45%,3%,1.6,5.4,54,41,87,18,80,,284,17,54
Randy Livingston,livinra01,2001,PG,25,GSW,2,7,71%,29%,,,,-18.6,-9.0,0,0,0,0,0,,2,0,0
Art Long,longar01,2001,PF,28,SAC,9,20,,,,86%,14%,-13.8,-20.1,0,1,2,1,0,,2,0,1
Grant Long,longgr01,2001,PF,34,VAN,66,1507,,,23%,73%,4%,-7.3,-2.0,30,14,61,10,50,,188,7,12
Luc Longley,longllu01,2001,C,32,NYK,25,301,,,,,100%,5.5,2.5,4,4,17,8,8,,17,1,6
Felipe Lopez,lopezfe01,2001,SG-PG,26,TOT,70,1565,15%,84%,1%,,,-5.6,-1.8,37,18,68,19,73,,225,12,60
Felipe Lopez,lopezfe01,2001,SG,26,WAS,47,1108,9%,89%,1%,,,-10.9,-5.1,23,12,47,14,57,,157,9,46
Felipe Lopez,lopezfe01,2001,PG,26,MIN,23,457,28%,71%,,,,7.0,6.2,14,6,21,5,16,,68,3,14
Tyronn Lue,luety01,2001,PG,23,LAL,38,468,100%,,,,,-4.9,-9.9,10,12,10,2,4,,100,1,4
George Lynch,lynchge01,2001,SF,30,PHI,82,2649,,1%,83%,16%,,4.2,-1.6,54,31,98,14,74,,292,15,73
Todd MacCulloch,maccuto01,2001,C,25,PHI,63,597,,,,,100%,0.0,-5.6,5,7,57,7,32,,21,6,28
Don MacLean,macledo01,2001,SF,31,MIA,8,76,,,22%,66%,13%,-6.5,-9.2,5,1,3,2,1,,9,0,1
Mark Madsen,madsema01,2001,PF,25,LAL,70,641,,,,37%,63%,-5.5,-11.1,10,6,52,6,14,,50,3,16
Corey Maggette,maggeco01,2001,SF,21,LAC,69,1359,,28%,70%,2%,,-2.8,0.8,37,41,54,16,115,,181,23,49
Jamaal Magloire,magloja01,2001,C,22,CHH,74,1095,,,,,100%,3.0,0.8,10,19,67,18,52,,64,10,26
Dan Majerle,majerda01,2001,SG,35,MIA,53,1306,,57%,43%,,,4.4,2.7,23,8,37,2,10,,193,2,11
Karl Malone,malonka01,2001,PF,37,UTA,81,2895,,,,88%,12%,6.6,6.2,144,45,85,34,263,,776,67,86
Matt Maloney,malonma01,2001,PG,29,ATL,55,1403,81%,19%,1%,,,-2.0,5.8,45,18,35,2,3,,335,0,12
Danny Manning,mannida01,2001,PF,34,UTA,82,1305,,,,62%,38%,4.7,-0.4,51,15,74,18,62,,203,16,20
Stephon Marbury,marbust01,2001,PG,23,NJN,67,2557,88%,12%,,,,-5.4,0.7,106,46,40,30,174,,1116,41,90
Shawn Marion,mariosh01,2001,SF,22,PHO,79,2857,,4%,91%,6%,,4.9,9.2,53,51,123,12,130,,352,31,59
Donyell Marshall,marshdo01,2001,SF,27,UTA,81,2326,,,81%,19%,,7.5,6.2,55,34,84,19,123,,285,29,97
Darrick Martin,martida01,2001,PG,29,SAC,31,176,100%,,,,,1.8,-4.6,3,3,13,2,13,,32,0,5
Kenyon Martin,martike01,2001,PF,23,NJN,68,2272,,,1%,42%,57%,-6.5,-1.9,52,34,119,24,89,,291,14,36
Jamal Mashburn,mashbja01,2001,SF,28,CHH,76,2989,,,96%,4%,,3.0,2.2,94,65,96,30,134,,881,23,80
Anthony Mason,masonan01,2001,PF,34,MIA,80,3254,,,13%,85%,2%,1.7,-4.5,59,52,102,35,178,,605,40,100
Desmond Mason,masonde01,2001,SF,23,SEA,78,1522,,16%,45%,40%,,-1.9,-3.0,22,11,57,9,39,,150,7,23
Tony Massenburg,masseto01,2001,PF,33,VAN,52,823,,,2%,57%,42%,-7.2,-1.4,4,22,73,7,36,,21,8,21
Vernon Maxwell,maxweve01,2001,PG,35,TOT,43,660,88%,12%,,,,-0.4,-5.6,14,13,19,4,13,,106,1,11
Vernon Maxwell,maxweve01,2001,PG,35,PHI,24,375,79%,21%,,,,-1.5,-7.0,5,7,10,3,8,,61,0,6
Vernon Maxwell,maxweve01,2001,PG,35,DAL,19,285,100%,,,,,1.1,-3.8,9,6,9,1,5,,45,1,5
Walter McCarty,mccarwa01,2001,PF,26,BOS,60,478,,,3%,75%,22%,-3.0,-0.6,10,6,39,1,10,,92,0,7
Dan McClintock,mcclida01,2001,C,23,DEN,6,58,,,,,100%,-22.4,-20.4,0,2,6,0,3,,2,1,3
George McCloud,mccloge01,2001,SF,33,DEN,76,2007,1%,39%,61%,,,-5.3,-6.0,69,28,72,10,65,,603,10,44
Jelani McCoy,mccoyje01,2001,C,23,SEA,70,1143,,,,62%,38%,-4.8,-6.6,20,21,63,14,49,,127,20,36
Antonio McDyess,mcdyean01,2001,PF,26,DEN,70,2555,,,,93%,7%,0.0,6.5,53,50,77,35,150,,368,34,70
Tracy McGrady,mcgratr01,2001,SG,21,ORL,77,3087,1%,95%,4%,,,4.2,14.0,98,70,60,9,256,,787,60,97
Jim McIlvaine,mcilvji01,2001,C,28,NJN,18,193,,,,,100%,-12.3,-6.9,1,3,19,4,3,,8,0,3
Jeff McInnis,mcinnje01,2001,PG,26,LAC,81,2831,92%,8%,,,,-5.3,-6.8,73,25,52,6,51,,993,10,30
Derrick McKey,mckeyde01,2001,SF,34,IND,66,987,,12%,71%,17%,,-1.1,-1.4,30,7,54,5,7,,168,1,5
Aaron McKie,mckieaa01,2001,SG,28,PHI,76,2394,2%,72%,26%,,,7.1,6.0,116,48,58,19,73,,799,20,56
Roshown McLeod,mcleoro01,2001,SF,25,TOT,35,922,,8%,89%,3%,,-1.9,5.0,22,13,47,9,23,,125,10,23
Roshown McLeod,mcleoro01,2001,SF,25,ATL,34,907,,8%,91%,1%,,-1.6,5.5,22,13,45,9,23,,125,10,23
Roshown McLeod,mcleoro01,2001,SF,25,PHI,1,15,,,,100%,,-20.0,-24.9,0,0,2,0,0,,0,0,0
Paul McPherson,mcphepa01,2001,PG,22,TOT,55,595,21%,76%,3%,,,-0.7,3.0,18,10,32,7,29,,83,8,5
Paul McPherson,mcphepa01,2001,PG,22,PHO,33,308,40%,55%,5%,,,2.3,-0.1,6,5,16,5,11,,38,4,2
Paul McPherson,mcphepa01,2001,PG,22,GSW,22,287,1%,98%,1%,,,-3.9,6.2,12,5,16,2,18,,45,4,3
Stanislav Medvedenko,medvest01,2001,PF,21,LAL,7,39,,,,24%,76%,-1.2,-5.0,2,0,2,1,5,,5,0,3
Ron Mercer,mercero01,2001,SG,24,CHI,61,2535,,49%,51%,,,-11.1,-2.0,54,39,69,14,93,,449,20,47
Chris Mihm,mihmch01,2001,C,21,CLE,59,1166,,,,,100%,-4.2,0.8,15,29,78,21,51,,35,9,49
Darius Miles,milesda01,2001,SF,19,LAC,81,2133,,3%,61%,36%,1%,1.5,10.4,44,48,112,14,97,,213,17,47
Andre Miller,millean02,2001,PG,24,CLE,82,2848,97%,3%,,,,-1.3,12.4,147,64,78,26,171,,1388,32,92
Anthony Miller,millean01,2001,PF,29,TOT,4,11,,,,71%,29%,-35.8,-34.2,1,0,1,0,0,,0,0,0
Anthony Miller,millean01,2001,PF,29,ATL,2,6,,,,47%,53%,-51.5,-45.7,1,0,0,0,0,,0,0,0
Anthony Miller,millean01,2001,PF,29,HOU,1,3,,,,100%,,25.0,22.5,0,0,1,0,0,,0,0,0
Anthony Miller,millean01,2001,PF,29,PHI,1,2,,,,100%,,-80.0,-84.8,0,0,0,0,0,,0,0,0
Brad Miller,millebr01,2001,C,24,CHI,57,1434,,,,1%,99%,-8.8,2.4,21,25,81,9,104,,227,21,51
Mike Miller,millemi01,2001,SF,20,ORL,82,2390,,23%,76%,1%,,2.6,3.9,40,28,98,17,45,,313,12,27
Reggie Miller,millere01,2001,SG,35,IND,81,3181,38%,62%,,,,0.5,2.5,72,19,45,29,88,,557,13,29
Chris Mills,millsch01,2001,SF,31,GSW,15,493,,16%,81%,3%,,-3.8,6.7,8,4,20,5,16,,38,2,10
Terry Mills,millste01,2001,PF,33,IND,14,113,,,,56%,44%,-17.0,-17.4,7,0,10,2,0,,11,0,1
Sam Mitchell,mitchsa01,2001,SF,37,MIN,82,983,,10%,89%,2%,,-5.4,-9.3,18,13,42,3,23,,124,8,6
Cuttino Mobley,moblecu01,2001,SG,25,HOU,79,3002,,82%,18%,,,4.4,7.9,69,50,64,24,158,,438,33,79
Nazr Mohammed,mohamna01,2001,C,23,TOT,58,912,,,,22%,78%,-1.0,3.1,15,29,69,9,61,,41,14,39
Nazr Mohammed,mohamna01,2001,C,23,PHI,30,196,,,,40%,61%,7.6,3.0,2,3,24,3,14,,4,4,8
Nazr Mohammed,mohamna01,2001,C,23,ATL,28,716,,,,18%,82%,-3.3,3.1,13,26,45,6,47,,37,10,31
Jerome Moiso,moisoje01,2001,C,22,BOS,24,135,,,,65%,35%,-4.6,-2.3,10,4,18,4,7,,7,0,3
Eric Montross,montrer01,2001,C,29,TOT,54,649,,,,,100%,-10.3,-10.2,12,8,63,16,12,,45,3,8
Eric Montross,montrer01,2001,C,29,DET,42,568,,,,,100%,-8.9,-8.3,10,7,52,15,11,,37,2,8
Eric Montross,montrer01,2001,C,29,TOR,12,81,,,,,100%,-20.4,-23.5,2,1,11,1,1,,8,1,0
Mikki Moore,mooremi01,2001,C,25,DET,81,1154,,,,7%,93%,-2.3,-0.7,22,20,98,22,54,,78,11,23
Hanno Mottola,mottoha01,2001,SF,24,ATL,73,989,,,13%,74%,14%,-12.1,-8.4,21,20,83,19,41,,57,4,33
Alonzo Mourning,mournal01,2001,C,30,MIA,13,306,,,,,100%,5.0,2.7,4,9,7,9,23,,29,5,10
Chris Mullin,mullich01,2001,SF,37,GSW,20,374,,17%,83%,,,-10.6,-1.1,13,3,13,2,5,,42,0,6
Lamond Murray,murrala01,2001,SF,27,CLE,78,2225,,,86%,13%,,-5.0,-0.5,58,33,71,34,100,,259,18,53
Tracy Murray,murratr01,2001,SF,29,TOT,51,588,,7%,92%,1%,,-3.9,-5.9,15,4,25,5,19,,50,5,16
Tracy Murray,murratr01,2001,SF,29,DEN,13,135,,24%,75%,1%,,-5.2,-3.0,5,1,5,0,3,,20,0,1
Tracy Murray,murratr01,2001,SF,29,TOR,38,453,,2%,97%,1%,,-3.4,-6.8,10,3,20,5,16,,30,5,15
Dikembe Mutombo,mutomdi01,2001,C,34,TOT,75,2591,,,,,100%,1.1,5.9,35,36,99,38,113,,170,26,47
Dikembe Mutombo,mutomdi01,2001,C,34,ATL,49,1716,,,,,100%,-0.6,9.1,24,19,72,27,65,,123,17,33
Dikembe Mutombo,mutomdi01,2001,C,34,PHI,26,875,,,,,100%,4.5,-0.3,11,17,27,11,48,,47,9,14
Mamadou N'Diaye,ndiayma02,2001,C,25,TOR,3,10,,,,,100%,-5.0,-7.6,0,0,1,0,1,,0,0,0
Lee Nailon,nailole01,2001,SF,25,CHH,42,469,,,53%,46%,1%,3.1,0.7,10,6,24,6,23,,50,3,7
Eduardo Najera,najered01,2001,PF,24,DAL,40,431,,2%,53%,42%,3%,-5.0,-10.8,11,3,23,1,14,,58,3,13
Steve Nash,nashst01,2001,PG,26,DAL,70,2387,95%,5%,,,,7.0,6.2,137,32,46,16,49,,1132,7,44
Tyrone Nesby,nesbyty01,2001,SF-SG,25,TOT,62,1556,,26%,74%,,,-6.6,0.1,26,18,63,14,45,,163,8,28
Tyrone Nesby,nesbyty01,2001,SG,25,LAC,14,333,1%,90%,9%,,,-9.4,-6.6,2,5,13,1,11,,22,3,7
Tyrone Nesby,nesbyty01,2001,SF,25,WAS,48,1223,,9%,91%,,,-5.9,2.0,24,13,50,13,34,,141,5,21
Rasho Nesterovic,nestera01,2001,C,24,MIN,73,1233,,,,,100%,0.2,-2.0,11,16,112,8,28,,100,5,27
Ira Newble,newblir01,2001,SF,26,SAS,27,184,,2%,88%,10%,,-15.8,-25.9,6,0,5,0,5,,13,0,7
Johnny Newman,newmajo01,2001,SG,37,NJN,82,2049,,35%,62%,3%,,-8.6,-6.0,27,29,67,29,119,,253,23,68
Moochie Norris,norrimo01,2001,PG,27,HOU,82,1654,99%,1%,,,,3.5,1.7,55,21,20,8,71,,657,13,18
Dirk Nowitzki,nowitdi01,2001,PF,22,DAL,82,3125,,,3%,76%,21%,8.3,17.7,76,35,146,22,221,,387,53,51
Jermaine O'Neal,onealje01,2001,C,22,IND,81,2641,,,,34%,66%,0.7,2.1,30,50,150,41,167,,223,38,88
Shaquille O'Neal,onealsh01,2001,C,28,LAL,74,2924,,,,,100%,8.0,15.6,72,50,147,39,365,,644,115,50
Charles Oakley,oaklech01,2001,PF,37,TOR,78,2767,,,5%,93%,3%,4.8,7.3,101,16,133,10,36,,590,7,20
Lamar Odom,odomla01,2001,PF,21,LAC,76,2836,,,34%,64%,3%,-2.6,2.6,140,69,118,35,169,,859,43,54
Hakeem Olajuwon,olajuha01,2001,C,38,HOU,58,1545,,,,,100%,2.0,-0.9,27,24,78,10,69,,161,14,26
Kevin Ollie,ollieke01,2001,PG,28,TOT,70,925,82%,18%,,,,0.9,-2.5,26,10,23,8,28,,313,4,10
Kevin Ollie,ollieke01,2001,PG,28,NJN,19,161,78%,22%,,,,-6.4,-0.7,3,3,3,1,7,,54,0,3
Kevin Ollie,ollieke01,2001,PG,28,PHI,51,764,83%,17%,,,,2.4,-2.9,23,7,20,7,21,,259,4,7
Michael Olowokandi,olowomi01,2001,C,25,LAC,82,2127,,,,,100%,-6.6,-6.8,33,38,115,42,65,,106,6,57
Greg Ostertag,ostergr01,2001,C,27,UTA,81,1491,,,,,100%,1.9,-4.8,20,18,129,10,64,,49,10,45
Bo Outlaw,outlabo01,2001,PF,29,ORL,80,2534,,,18%,72%,10%,3.7,7.3,72,27,113,20,90,,512,18,38
Doug Overton,overtdo01,2001,PG,31,TOT,21,475,94%,7%,,,,-8.4,-4.2,15,7,16,5,4,,162,1,8
Doug Overton,overtdo01,2001,PG,31,BOS,7,144,100%,,,,,-9.5,-7.3,6,3,6,2,3,,43,1,3
Doug Overton,overtdo01,2001,PG,31,CHH,2,15,100%,,,,,-23.6,-26.2,0,2,0,1,0,,0,0,0
Doug Overton,overtdo01,2001,PG,31,NJN,12,316,90%,10%,,,,-7.3,-1.7,9,2,10,2,1,,119,0,5
Billy Owens,owensbi01,2001,PF,31,DET,45,793,,1%,62%,36%,1%,-1.6,0.3,16,10,40,6,17,,117,4,21
Olumide Oyedeji,oyedeol01,2001,C,19,SEA,30,221,,,,13%,87%,12.0,12.7,2,5,15,3,4,,4,1,9
Robert Pack,packro01,2001,PG,31,DEN,74,1260,77%,23%,,,,-4.7,-3.5,78,28,29,19,62,,655,13,42
Scott Padgett,padgesc01,2001,PF,24,UTA,27,127,,,30%,59%,12%,-1.7,-6.9,8,2,13,0,8,,12,0,6
Milt Palacio,palacmi01,2001,PG,22,BOS,58,1141,99%,1%,,,,-0.8,2.4,32,32,31,6,37,,364,10,25
Andy Panko,pankoan01,2001,SF,23,ATL,1,1,,,100%,,,,,0,0,0,0,0,,0,0,0
Cherokee Parks,parksch02,2001,C,28,TOT,65,1054,,,,52%,48%,-6.4,-3.7,17,8,50,6,17,,98,4,16
Cherokee Parks,parksch02,2001,C,28,WAS,13,178,,,,,100%,9.2,17.3,3,2,9,2,4,,17,1,6
Cherokee Parks,parksch02,2001,C,28,LAC,52,876,,,,63%,37%,-9.6,-8.0,14,6,41,4,13,,81,3,10
Ruben Patterson,patteru01,2001,SF,25,SEA,76,2059,,17%,79%,4%,,3.3,7.0,50,55,59,19,167,,370,44,91
Gary Payton,paytoga01,2001,PG,32,SEA,79,3244,77%,23%,,,,-0.4,-1.9,102,63,63,20,113,,1415,34,68
Anthony Peeler,peelean01,2001,SG,31,MIN,75,2126,,95%,5%,,,1.6,0.1,67,23,52,8,31,,401,6,33
Mike Penberthy,penbemi01,2001,PG,26,LAL,53,851,92%,8%,,,,-1.7,-7.1,21,8,25,3,8,,153,0,9
Will Perdue,perduwi01,2001,C,35,POR,13,58,,,,,100%,4.3,-0.3,0,0,7,0,1,,4,0,1
Sam Perkins,perkisa01,2001,PF,39,IND,64,999,,,20%,76%,4%,0.2,0.4,10,7,33,1,13,,91,5,12
Elliot Perry,perryel01,2001,PG,31,TOT,49,499,100%,,,,,4.0,1.9,25,8,8,2,5,,173,2,7
Elliot Perry,perryel01,2001,PG,31,ORL,6,39,100%,,,,,12.0,11.1,4,1,0,1,0,,11,0,2
Elliot Perry,perryel01,2001,PG,31,PHO,43,460,100%,,,,,3.3,1.1,21,7,8,1,5,,162,2,5
Wesley Person,persowe01,2001,SG,29,CLE,44,958,,97%,3%,,,-2.5,3.1,18,10,22,8,9,,133,1,11
Morris Peterson,petermo01,2001,SG,23,TOR,80,1809,,75%,25%,,,3.2,1.1,35,18,71,13,64,,225,16,47
Eric Piatkowski,piatker01,2001,SG,30,LAC,81,2144,,81%,18%,,,-2.5,1.8,43,14,47,9,52,,207,9,30
Paul Pierce,piercpa01,2001,SF,23,BOS,82,3120,1%,29%,70%,,,-1.8,2.9,92,92,107,38,292,,588,69,89
Scottie Pippen,pippesc01,2001,SF,35,POR,64,2133,,2%,92%,7%,,5.7,2.5,88,38,69,18,61,,629,13,29
Scot Pollard,pollasc01,2001,C,25,SAC,77,1658,,,,24%,76%,9.9,6.2,17,24,115,13,75,,110,19,65
Olden Polynice,polynol01,2001,C,36,UTA,81,1619,,,,,100%,3.9,-1.9,23,18,81,17,25,,68,0,23
Mark Pope,popema01,2001,PF,28,MIL,63,942,,,3%,60%,37%,5.1,1.3,8,1,70,6,16,,89,3,12
Chris Porter,portech01,2001,SF,22,GSW,51,1147,,44%,55%,1%,,-12.4,-3.9,28,11,49,10,64,,130,11,36
Terry Porter,portete01,2001,PG,37,SAS,80,1678,81%,19%,,,,12.3,5.9,83,17,31,2,40,,539,9,21
James Posey,poseyja01,2001,SF,24,DEN,82,2255,,,92%,8%,,0.9,7.4,41,21,79,19,57,,372,17,44
Lavor Postell,postela01,2001,SG,22,NYK,26,169,,68%,32%,,,3.5,0.4,7,4,5,4,8,,12,0,3
Vitaly Potapenko,potapvi01,2001,C,25,BOS,82,1901,,,,1%,99%,-2.4,0.1,32,30,89,9,65,,152,14,39
Brent Price,pricebr01,2001,PG,32,VAN,6,30,60%,40%,,,,-16.5,-10.5,3,0,2,1,2,,11,0,0
Laron Profit,profila01,2001,PG,23,WAS,35,605,66%,34%,,,,-4.9,2.8,31,8,24,2,19,,185,3,20
Joel Przybilla,przybjo01,2001,C,21,MIL,33,270,,,,,100%,-7.7,-12.7,3,2,26,4,5,,4,1,11
Theo Ratliff,ratlith01,2001,C,27,PHI,50,1800,,,,12%,89%,6.0,2.2,24,35,60,34,78,,133,11,31
Eldridge Recasner,recasel01,2001,PG,33,CHH,43,403,100%,,,,,-2.5,-5.5,13,6,14,4,6,,79,0,9
Michael Redd,reddmi01,2001,SG,21,MIL,6,35,,18%,82%,,,-10.9,-15.1,0,0,1,0,2,,3,0,5
Bryant Reeves,reevebr01,2001,C,27,VAN,75,1832,,,,,100%,-5.4,1.2,38,22,108,21,65,,174,19,34
Don Reid,reiddo01,2001,PF,27,ORL,65,764,,,,53%,47%,0.0,-1.2,19,7,106,14,39,,45,9,11
J.R. Reid,reidjr01,2001,PF,32,CLE,6,39,,,,20%,80%,-24.5,-20.0,0,0,1,1,2,,3,0,0
Glen Rice,ricegl01,2001,SF,33,NYK,75,2212,,1%,80%,19%,,5.1,4.4,40,27,70,20,62,,203,10,36
Quentin Richardson,richaqu01,2001,SG,20,LAC,76,1358,1%,95%,4%,,,-5.3,-3.0,17,26,42,11,72,,133,17,46
Mitch Richmond,richmmi01,2001,SG,35,WAS,37,1216,5%,67%,28%,,,-2.8,6.5,42,26,37,10,53,,234,6,31
Isaiah Rider,rideris01,2001,SG,29,LAL,67,1206,18%,75%,7%,,,-0.5,-6.1,36,23,35,13,24,,246,5,23
Terrance Roberson,roberte01,2001,SF,24,CHH,3,13,,29%,42%,29%,,-19.8,-22.4,1,1,2,0,0,,2,0,0
Clifford Robinson,robincl02,2001,PF,34,PHO,82,2751,,,3%,64%,34%,2.5,0.6,92,48,107,23,159,,519,35,66
David Robinson,robinda01,2001,C,35,SAS,80,2371,,,,,100%,12.5,8.9,47,29,118,22,208,,260,33,68
Eddie Robinson,robined01,2001,SF,24,CHH,67,1201,,37%,60%,3%,,1.6,-1.3,17,16,35,5,41,,120,6,5
Glenn Robinson,robingl01,2001,SF,28,MIL,76,2813,,2%,78%,20%,1%,3.6,-1.9,76,96,88,21,97,,575,23,72
Jamal Robinson,robinja03,2001,SF,27,MIA,6,72,,19%,81%,,,-4.5,-7.2,1,1,3,1,0,,4,0,2
James Robinson,robinja02,2001,PG,30,ORL,6,50,3%,97%,,,,-1.0,-2.0,1,2,0,1,0,,0,0,1
Larry Robinson,robinla01,2001,PG-SG,33,TOT,34,632,96%,4%,,,,-6.0,-0.1,17,3,16,2,2,,79,1,4
Larry Robinson,robinla01,2001,SG,33,CLE,1,1,,100%,,,,-166.7,-161.9,0,1,0,0,0,,0,0,0
Larry Robinson,robinla01,2001,PG,33,ATL,33,631,96%,4%,,,,-5.7,0.2,17,2,16,2,2,,79,1,4
Carlos Rogers,rogerca01,2001,C,29,HOU,39,544,,,,6%,95%,2.6,0.1,7,5,17,2,26,,20,6,12
Rodney Rogers,rogerro01,2001,SF,29,PHO,82,2183,,1%,37%,60%,3%,1.6,-1.6,59,47,124,34,103,,386,22,59
Sean Rooks,rooksse01,2001,C,31,LAC,82,1553,,,,13%,87%,1.4,7.8,45,12,127,6,49,,170,7,15
Jalen Rose,roseja01,2001,SF,28,IND,72,2943,3%,57%,41%,,,-0.7,-2.6,112,43,81,42,118,,958,27,53
Malik Rose,rosema01,2001,PF,26,SAS,57,1219,,,19%,79%,3%,8.3,-0.9,26,13,63,17,59,,106,5,47
Michael Ruffin,ruffimi01,2001,PF,24,CHI,45,879,,,5%,94%,1%,-7.6,3.5,20,14,63,9,29,,88,3,12
Bryon Russell,russebr01,2001,SF,30,UTA,78,2473,,36%,64%,,,5.8,2.1,65,23,100,16,85,,342,13,44
Arvydas Sabonis,sabonar01,2001,C,36,POR,61,1299,,,,,100%,8.8,6.2,42,13,64,14,75,,196,16,24
Soumaila Samake,samakso01,2001,C,22,NJN,34,226,,,,18%,82%,-7.7,-2.2,1,2,8,0,8,,2,0,6
Pepe Sanchez,sanchpe01,2001,PG,23,TOT,29,150,87%,13%,,,,-1.3,-3.7,6,0,9,0,0,,85,0,1
Pepe Sanchez,sanchpe01,2001,PG,23,ATL,5,34,100%,,,,,-22.4,-16.7,3,0,1,0,0,,11,0,1
Pepe Sanchez,sanchpe01,2001,PG,23,PHI,24,116,83%,17%,,,,4.8,0.1,3,0,8,0,0,,74,0,0
Daniel Santiago,santida01,2001,C,24,PHO,54,581,,,,2%,98%,-0.2,-3.1,9,12,34,16,26,,22,5,21
Detlef Schrempf,schrede01,2001,SF,38,POR,26,397,,1%,44%,55%,,-3.6,-9.1,21,6,17,1,10,,93,1,3
Shawnelle Scott,scottsh01,2001,C,28,SAS,27,144,,,,1%,100%,-16.7,-26.6,2,1,14,5,10,,9,0,8
Brian Shaw,shawbr01,2001,SG,34,LAL,80,1833,41%,59%,1%,,,1.7,-3.8,76,14,68,3,14,,564,0,19
Brian Skinner,skinnbr01,2001,PF,24,LAC,39,584,,,,81%,19%,-7.8,-5.3,5,11,26,4,25,,40,7,29
Reggie Slater,slatere01,2001,PF,30,MIN,55,686,,,7%,91%,2%,4.3,3.4,10,9,58,11,53,,57,13,31
Jabari Smith,smithja01,2001,C,23,SAC,9,66,,,,78%,22%,1.2,-5.1,2,1,3,0,2,,16,0,0
Joe Smith,smithjo02,2001,PF,25,DET,69,1941,,,1%,90%,9%,-0.8,2.1,23,30,133,16,123,,177,21,47
Michael Smith,smithmi02,2001,PF,28,WAS,79,1610,,,12%,83%,4%,-11.2,-6.7,29,14,86,11,72,,221,12,30
Mike Smith,smithmi03,2001,SF,24,WAS,17,180,,2%,85%,13%,,-9.3,-2.2,3,0,2,2,6,,20,0,5
Steve Smith,smithst01,2001,SG,31,POR,81,2542,6%,93%,2%,,,5.2,1.9,49,37,62,35,98,,474,19,30
Tony Smith,smithto02,2001,SG,32,ATL,6,78,45%,55%,,,,-12.6,-6.9,7,1,5,0,1,,21,0,1
Eric Snow,snower01,2001,PG,27,PHI,50,1740,100%,,,,,5.9,2.1,82,22,48,6,47,,789,13,31
Felton Spencer,spencfe01,2001,C,33,NYK,18,113,,,,,100%,7.0,3.9,4,2,7,3,11,,4,1,1
Latrell Sprewell,sprewla01,2001,SF,30,NYK,77,3017,,37%,63%,1%,,2.1,-4.2,88,78,64,20,146,,615,33,60
Jerry Stackhouse,stackje01,2001,SG,26,DET,80,3215,,50%,49%,,,-1.3,2.6,131,127,46,32,250,,900,46,103
John Starks,starkjo01,2001,SG,35,UTA,75,2122,,99%,1%,,,4.1,-1.9,50,22,63,15,23,,372,2,32
Vladimir Stepania,stepavl01,2001,C,24,NJN,29,280,,,,,100%,-0.9,5.1,5,7,18,3,10,,37,2,6
DeShawn Stevenson,stevede01,2001,SG,19,UTA,40,293,,98%,2%,,,-1.0,-6.5,11,10,10,2,18,,37,2,11
Michael Stewart,stewami01,2001,C,25,TOR,26,123,,,,27%,73%,-22.1,-25.5,1,3,11,1,9,,4,1,6
Bryant Stith,stithbr01,2001,SG,30,BOS,78,2504,1%,97%,3%,,,-3.3,-2.3,43,24,72,14,66,,397,10,43
John Stockton,stockjo01,2001,PG,38,UTA,82,2397,100%,,,,,12.2,18.5,149,35,65,14,58,,1501,15,36
Peja Stojakovic,stojape01,2001,SF,23,SAC,75,2905,,9%,86%,5%,,6.2,-0.1,55,54,52,16,110,,358,21,72
Damon Stoudamire,stoudda01,2001,PG,27,POR,82,2655,100%,,,,,6.8,7.0,89,51,37,14,50,,992,12,53
Erick Strickland,stricer01,2001,PG,27,TOT,50,830,14%,79%,7%,,,3.7,5.7,26,9,20,3,28,,210,5,16
Erick Strickland,stricer01,2001,PG,27,NYK,28,421,27%,73%,1%,,,6.8,4.1,13,2,14,1,11,,64,2,8
Erick Strickland,stricer01,2001,PG,27,VAN,22,409,1%,85%,14%,,,0.5,7.3,13,7,6,2,17,,146,3,8
Mark Strickland,stricma01,2001,SF,30,TOT,55,719,,,25%,73%,2%,-7.8,-5.2,12,7,38,9,27,,53,2,15
Mark Strickland,stricma01,2001,SF,30,DEN,46,517,,,,97%,2%,-7.8,-6.3,6,6,29,8,22,,39,1,12
Mark Strickland,stricma01,2001,SF,30,NJN,9,202,,,89%,11%,,-7.9,-2.3,6,1,9,1,5,,14,1,3
Rod Strickland,stricro02,2001,PG,34,TOT,54,1371,95%,6%,,,,-6.9,-2.8,61,27,36,11,71,,636,13,27
Rod Strickland,stricro02,2001,PG,34,WAS,33,1020,98%,2%,,,,-7.0,0.3,47,22,29,7,63,,483,13,20
Rod Strickland,stricro02,2001,PG,34,POR,21,351,84%,16%,,,,-6.3,-11.9,14,5,7,4,8,,153,0,7
Derek Strong,stronde01,2001,PF,32,LAC,28,491,,,66%,34%,1%,-3.9,-0.6,5,9,11,5,18,,15,1,13
Bruno Sundov,sundobr01,2001,C,20,IND,11,120,,,,,100%,-14.0,-14.4,1,1,13,1,2,,5,1,1
Bob Sura,surabo01,2001,SG,27,GSW,53,1684,1%,53%,46%,1%,,-10.9,-2.1,76,53,41,19,72,,519,11,33
Stromile Swift,swiftst01,2001,PF,21,VAN,80,1312,,,,62%,38%,-5.2,1.3,17,28,72,11,63,,64,13,41
Wally Szczerbiak,szczewa02,2001,SF,23,MIN,82,2856,,,95%,4%,,4.2,9.6,60,36,106,13,80,,571,21,48
Zan Tabak,tabakza01,2001,C,30,IND,55,777,,,,,100%,1.2,1.5,16,11,51,21,15,,71,3,11
Dragan Tarlac,tarladr01,2001,C,27,CHI,43,598,,,,13%,88%,-17.3,-8.2,20,5,48,5,11,,65,1,7
Maurice Taylor,tayloma01,2001,SF,24,HOU,69,1972,,,6%,92%,2%,-3.0,-11.0,45,23,112,30,72,,228,18,45
Jason Terry,terryja01,2001,SG,23,ATL,82,3089,21%,74%,5%,,,-5.6,1.1,142,62,87,9,111,,853,21,87
Jamel Thomas,thomaja01,2001,SF,27,NJN,5,56,,80%,20%,,,-14.2,-8.7,4,2,3,0,0,,0,0,1
Kenny Thomas,thomake01,2001,PF,23,HOU,74,1820,,,10%,56%,34%,4.3,3.3,51,28,86,19,59,,179,18,47
Kurt Thomas,thomaku01,2001,PF,28,NYK,77,2125,,,,60%,40%,7.5,9.3,20,26,125,29,94,,141,16,44
Tim Thomas,thomati01,2001,PF,23,MIL,76,2086,,,13%,68%,19%,6.4,4.8,36,40,90,24,100,,321,18,43
Otis Thorpe,thorpot01,2001,PF,38,CHH,49,647,,,,94%,6%,-0.9,-4.0,14,7,53,6,10,,64,2,4
Robert Traylor,traylro01,2001,C,23,CLE,70,1212,,,,20%,80%,-3.7,1.6,16,32,91,25,69,,139,17,46
Gary Trent,trentga01,2001,PF,26,DAL,33,319,,,32%,56%,12%,-10.2,-16.0,10,6,28,4,14,,21,2,21
Jake Tsakalidis,tsakaja01,2001,C,21,PHO,57,947,,,,,100%,-2.8,-6.8,13,22,59,20,42,,40,5,26
Hedo Turkoglu,turkohe01,2001,SF,21,SAC,74,1245,,1%,82%,17%,,5.9,-0.4,17,19,72,7,44,,154,5,21
Nick Van Exel,vanexni01,2001,PG,29,DEN,71,2688,100%,,,,,-0.9,4.4,125,23,38,4,75,,1315,21,39
Keith Van Horn,vanhoke01,2001,SF,25,NJN,49,1733,,,40%,60%,,-3.0,4.8,26,39,78,17,80,,185,16,65
David Vanterpool,vanteda01,2001,PG,27,WAS,22,411,86%,14%,,,,-0.9,7.1,20,10,16,4,22,,138,6,11
Jacque Vaughn,vaughja01,2001,PG,25,UTA,82,1620,82%,18%,,,,-5.0,-16.7,85,17,32,16,42,,698,2,21
Loy Vaught,vaughlo01,2001,PF,32,TOT,51,549,,,15%,60%,25%,-4.9,-6.8,15,4,35,6,6,,49,2,8
Loy Vaught,vaughlo01,2001,PF,32,DAL,37,392,,,21%,66%,13%,-4.1,-9.6,9,2,27,6,4,,35,2,7
Loy Vaught,vaughlo01,2001,PF,32,WAS,14,157,,,,45%,55%,-6.9,0.3,6,2,8,0,2,,14,0,1
Jake Voskuhl,voskuja01,2001,C,23,CHI,16,143,,,,8%,92%,-23.6,-13.8,2,3,17,7,5,,10,0,4
Antoine Walker,walkean02,2001,PF,24,BOS,81,3396,,,3%,96%,1%,-2.4,0.7,129,82,90,42,149,,960,38,116
Samaki Walker,walkesa01,2001,PF,24,SAS,61,963,,,,81%,19%,-1.9,-14.3,17,15,59,17,57,,67,10,22
Ben Wallace,wallabe01,2001,C,26,DET,80,2760,,,,24%,76%,0.6,7.8,52,26,110,12,82,,281,17,40
John Wallace,wallajo01,2001,SF,26,DET,40,527,,1%,62%,36%,,-8.9,-8.2,17,4,27,5,23,,53,4,13
Rasheed Wallace,wallara01,2001,PF,26,POR,77,2940,,,3%,92%,5%,6.4,7.1,84,41,114,14,131,,463,25,35
Charlie Ward,wardch01,2001,PG,30,NYK,61,1492,95%,5%,,,,6.7,5.7,77,24,63,6,22,,586,3,11
Clarence Weatherspoon,weathcl01,2001,PF,30,CLE,82,2774,,,,93%,7%,-5.6,-2.6,30,42,84,19,123,,217,21,91
Chris Webber,webbech01,2001,PF,27,SAC,70,2836,,,,91%,9%,6.7,1.6,92,46,114,35,190,,669,41,90
Bonzi Wells,wellsbo01,2001,SF,24,POR,75,1995,,37%,61%,2%,,4.9,0.7,77,35,76,28,97,,440,23,54
David Wesley,wesleda01,2001,SG,30,CHH,82,3106,14%,86%,,,,2.1,-1.6,97,40,86,22,98,,781,13,65
Doug West,westdo01,2001,SG,33,VAN,15,171,,56%,44%,,,-16.7,-11.2,2,1,8,1,2,,32,1,4
Jahidi White,whiteja01,2001,C,24,WAS,68,1609,,,,,100%,-8.3,-1.8,23,47,94,30,136,,43,35,64
Chris Whitney,whitnch01,2001,PG,29,WAS,59,1532,100%,,,,,-8.2,-1.6,69,18,71,11,28,,519,5,14
Aaron Williams,williaa01,2001,PF,29,NJN,82,2336,,,6%,68%,26%,-8.6,-7.0,43,45,179,23,131,,195,28,70
Alvin Williams,willial02,2001,SG,26,TOR,82,2394,43%,54%,3%,,,3.9,3.3,57,22,66,11,41,,903,8,38
Eric Williams,willier01,2001,SF,28,BOS,81,1745,,3%,86%,11%,,0.1,4.6,35,16,78,17,86,,263,15,33
Jason Williams,willija02,2001,PG,25,SAC,77,2290,95%,5%,,,,5.2,-2.4,104,36,39,10,22,,907,5,18
Jerome Williams,willije01,2001,PF,27,TOT,59,1182,,,9%,82%,9%,0.3,0.6,19,10,42,18,56,,99,6,33
Jerome Williams,willije01,2001,PF,27,DET,33,804,,,8%,87%,5%,-3.5,-2.1,15,7,24,12,37,,71,4,22
Jerome Williams,willije01,2001,PF,27,TOR,26,378,,,12%,71%,18%,8.3,6.4,4,3,18,6,19,,28,2,11
Monty Williams,willimo01,2001,SF,29,ORL,82,1211,,17%,79%,4%,,-6.9,-11.2,26,29,50,16,57,,171,12,44
Scott Williams,willisc01,2001,C,32,MIL,66,1272,,,,35%,65%,11.9,11.5,13,7,66,16,29,,80,2,11
Shammond Williams,willish01,2001,PG,25,SEA,69,1238,100%,,,,,-0.6,-0.9,43,21,37,8,27,,415,6,20
Walt Williams,williwa02,2001,SF,30,HOU,72,1583,,2%,74%,24%,,2.8,0.5,40,10,72,16,43,,208,9,24
Corliss Williamson,willico02,2001,SF,27,TOT,69,1686,,1%,83%,16%,,3.1,3.2,40,37,67,22,114,,132,27,65
Corliss Williamson,willico02,2001,SF,27,TOR,42,886,,,85%,15%,,1.2,-1.8,17,23,33,15,66,,71,10,39
Corliss Williamson,willico02,2001,SF,27,DET,27,800,,3%,80%,17%,,5.1,8.7,23,14,34,7,48,,61,17,26
Kevin Willis,willike02,2001,C,38,TOT,78,1830,,,,,100%,-7.0,-8.7,20,32,78,21,67,,113,17,43
Kevin Willis,willike02,2001,C,38,TOR,35,771,,,,,100%,-5.8,-10.4,11,14,23,10,40,,44,10,21
Kevin Willis,willike02,2001,C,38,DEN,43,1059,,,,1%,99%,-7.8,-7.4,9,18,55,11,27,,69,7,22
David Wingate,wingada01,2001,SG,37,SEA,1,9,,100%,,,,78.7,78.9,0,0,0,0,0,,5,0,0
Ruben Wolkowyski,wolkoru01,2001,PF,27,SEA,34,305,,,1%,53%,46%,2.0,2.2,5,3,21,4,15,,8,2,16
Metta World Peace,artesro01,2001,SF,21,CHI,76,2363,,2%,89%,10%,,-8.0,5.7,46,47,94,27,108,,483,21,66
Lorenzen Wright,wrighlo02,2001,C,25,ATL,71,1988,,,,45%,55%,-7.9,-4.2,34,39,108,35,96,,195,20,58
Wang Zhizhi,zhizhwa01,2001,C,23,DAL,5,38,,,,5%,95%,-40.6,-45.7,0,1,5,0,3,,0,0,3
