Totals,PlayerID,Year,Position Estimate,+/- Per 100 Poss.,Turnovers,Fouls Committed,Fouls Drawn,Misc.,Rk,Player,Pos,Age,Tm,G,MP,PG%,SG%,SF%,PF%,C%,OnCourt,On-Off,BadPass,LostBall,Shoot,Off.,Shoot,Off.,PGA,And1,Blkd
Shareef Abdur-Rahim,abdursh01,2006,PF,29,SAC,72,1961,,,,70%,30%,4.0,4.4,36,39,113,18,117,8,347,28,65
Alex Acker,ackeral01,2006,SG,23,DET,5,35,63%,37%,,,,-43.4,-52.0,3,1,3,0,0,0,9,0,2
Malik Allen,allenma01,2006,PF,27,CHI,54,701,,,,64%,36%,3.2,2.7,9,9,54,9,13,15,44,3,14
Ray Allen,allenra02,2006,SG,30,SEA,78,3022,3%,94%,4%,,,-1.2,8.8,88,64,64,23,125,15,635,29,50
Tony Allen,allento01,2006,PG,24,BOS,51,978,21%,74%,5%,,,-2.4,-1.0,26,25,57,7,66,6,149,18,27
Rafer Alston,alstora01,2006,PG,29,HOU,63,2431,98%,2%,,,,-2.0,-1.4,103,34,85,3,44,7,932,7,20
Chris Andersen,anderch01,2006,C,27,NOK,32,570,,,,30%,70%,1.2,5.0,10,5,39,8,45,14,14,9,9
Alan Anderson,anderal01,2006,SF,23,CHA,36,564,,20%,54%,25%,,0.1,5.2,16,8,17,4,20,1,72,4,18
Derek Anderson,anderde01,2006,SG,31,TOT,43,1047,14%,53%,31%,2%,,-2.1,-3.5,26,14,36,8,29,15,224,4,10
Derek Anderson,anderde01,2006,SG,31,HOU,20,582,,45%,51%,3%,,-1.3,0.2,18,8,16,6,19,5,123,4,4
Derek Anderson,anderde01,2006,SG,31,MIA,23,465,32%,62%,7%,,,-3.0,-8.2,8,6,20,2,10,10,101,0,6
Shandon Anderson,andersh01,2006,SF,32,MIA,48,638,1%,23%,76%,,,2.3,-2.4,15,8,40,0,11,4,69,4,7
Martynas Andriuskevicius,andrima01,2006,C,19,CLE,6,9,,,,,100%,34.5,32.0,0,0,0,0,0,0,0,0,0
Carmelo Anthony,anthoca01,2006,SF,21,DEN,80,2941,,,86%,14%,,0.4,0.6,61,59,95,47,285,13,475,66,120
Rafael Araujo,araujra01,2006,C,25,TOR,52,601,,,,2%,98%,-10.7,-8.6,10,8,46,14,11,7,33,2,18
Gilbert Arenas,arenagi01,2006,PG,24,WAS,80,3384,100%,,,,,2.6,4.9,138,73,113,48,326,32,1071,66,62
Trevor Ariza,arizatr01,2006,SF,20,TOT,57,999,,11%,88%,1%,,0.9,7.3,26,15,34,10,50,9,129,5,18
Trevor Ariza,arizatr01,2006,SF,20,NYK,36,709,,15%,85%,,,-0.8,7.7,17,11,23,8,27,7,99,3,8
Trevor Ariza,arizatr01,2006,SF,20,ORL,21,290,,1%,94%,5%,,4.8,6.4,9,4,11,2,23,2,30,2,10
Darrell Armstrong,armstda01,2006,PG,37,DAL,62,622,100%,,,,,1.5,-6.1,37,10,22,2,9,25,198,1,9
Carlos Arroyo,arroyca01,2006,PG-SG,26,TOT,77,1194,64%,35%,,,,2.7,-0.9,38,22,44,14,50,11,502,7,21
Carlos Arroyo,arroyca01,2006,PG,26,DET,50,600,100%,,,,,3.0,-5.9,18,12,27,8,18,4,341,1,12
Carlos Arroyo,arroyca01,2006,SG,26,ORL,27,594,29%,71%,1%,,,2.4,4.2,20,10,17,6,32,7,161,6,9
Chucky Atkins,atkinch01,2006,PG-SG,31,TOT,71,1713,80%,20%,,,,0.9,-3.3,49,26,44,8,34,13,450,3,19
Chucky Atkins,atkinch01,2006,SG,31,WAS,28,552,39%,62%,,,,-6.4,-9.7,18,8,14,4,5,8,152,0,3
Chucky Atkins,atkinch01,2006,PG,31,MEM,43,1161,100%,,,,,4.3,-0.2,31,18,30,4,29,5,298,3,16
Stacey Augmon,augmost01,2006,SF,37,ORL,36,385,,14%,83%,3%,,6.1,8.0,3,5,11,1,10,6,52,1,7
Vin Baker,bakervi01,2006,C,34,LAC,8,85,,,,16%,84%,11.0,9.3,4,1,8,1,7,2,8,2,3
Marcus Banks,banksma01,2006,PG,24,TOT,58,1497,98%,2%,,,,-4.6,-3.3,58,27,60,16,59,7,465,12,30
Marcus Banks,banksma01,2006,PG,24,BOS,18,269,97%,3%,,,,-6.7,-5.4,9,8,11,3,12,2,68,4,4
Marcus Banks,banksma01,2006,PG,24,MIN,40,1228,99%,2%,,,,-4.1,-2.9,49,19,49,13,47,5,397,8,26
Leandro Barbosa,barbole01,2006,SG,23,PHO,57,1592,6%,93%,1%,,,3.1,-4.8,35,25,54,16,64,16,382,13,33
Matt Barnes,barnema02,2006,PF-SF,25,TOT,56,631,,1%,55%,43%,1%,1.8,5.5,14,11,47,3,16,5,61,3,17
Matt Barnes,barnema02,2006,SF,25,NYK,6,93,,6%,94%,,,-20.3,-13.7,4,1,5,0,1,0,13,0,5
Matt Barnes,barnema02,2006,PF,25,PHI,50,538,,,48%,50%,2%,5.7,8.8,10,10,42,3,15,5,48,3,12
Andre Barrett,barrean01,2006,PG,23,TOT,19,282,100%,,,,,-5.2,-2.4,7,6,5,0,5,2,125,2,11
Andre Barrett,barrean01,2006,PG,23,PHO,2,21,100%,,,,,-31.8,-38.0,0,0,0,0,1,0,4,1,0
Andre Barrett,barrean01,2006,PG,23,TOR,17,261,100%,,,,,-3.0,0.5,7,6,5,0,4,2,121,1,11
Earl Barron,barroea01,2006,C,24,MIA,8,45,,,,,100%,-42.1,-46.9,3,1,5,0,1,1,0,0,1
Brent Barry,barrybr01,2006,SG,34,SAS,74,1259,3%,91%,6%,,,10.6,3.6,31,14,47,5,22,7,278,5,12
Jon Barry,barryjo01,2006,SG,36,HOU,20,342,1%,62%,36%,2%,,-8.1,-7.3,15,6,11,1,9,1,63,1,2
Eddie Basden,basdeed01,2006,SF,22,CHI,19,141,,23%,73%,4%,,9.6,9.0,5,2,6,0,2,0,19,0,3
Brandon Bass,bassbr01,2006,PF,20,NOK,29,268,,,,97%,3%,-9.2,-6.5,4,5,9,2,8,0,6,1,9
Esteban Batista,batises01,2006,PF,22,ATL,57,495,,,,12%,88%,-1.1,4.9,3,11,51,12,22,11,16,5,18
Tony Battie,battito01,2006,C,29,ORL,82,2215,,,,9%,91%,-2.5,-3.1,38,12,158,15,58,20,109,8,30
Shane Battier,battish01,2006,SF,27,MEM,81,2839,,,63%,37%,,7.1,9.2,35,20,128,17,81,48,318,18,46
Lonny Baxter,baxtelo01,2006,C-PF,27,TOT,41,400,,,,19%,81%,2.4,5.2,2,7,31,5,19,7,9,5,15
Lonny Baxter,baxtelo01,2006,C,27,HOU,23,281,,,,1%,99%,6.0,8.1,2,4,26,4,11,6,5,3,10
Lonny Baxter,baxtelo01,2006,PF,27,CHA,18,119,,,,60%,40%,-6.0,-1.7,0,3,5,1,8,1,4,2,5
Charlie Bell,bellch01,2006,SG,26,MIL,59,1283,24%,72%,4%,,,0.9,3.1,25,9,44,2,38,11,298,7,23
Raja Bell,bellra01,2006,SG,29,PHO,79,2959,1%,63%,36%,,,6.9,3.6,39,22,107,17,46,81,490,6,22
Jonathan Bender,bendejo01,2006,SF,25,IND,2,21,,,,68%,32%,-17.4,-19.2,0,0,2,0,1,0,5,0,1
Mike Bibby,bibbymi01,2006,PG,27,SAC,82,3167,100%,,,,,2.2,2.6,128,50,64,14,118,30,956,24,33
Andris Biedrins,biedran01,2006,C,19,GSW,68,1000,,,,,100%,1.5,4.5,7,9,113,8,38,8,56,10,16
Chauncey Billups,billuch01,2006,PG,29,DET,81,2925,94%,6%,,,,10.8,10.4,102,38,55,24,160,11,1552,28,56
Steve Blake,blakest01,2006,PG,25,POR,68,1781,85%,15%,,,,-11.7,-1.2,55,18,44,5,15,9,657,2,16
Andray Blatche,blatcan01,2006,PF,19,WAS,29,175,,,13%,79%,9%,-1.4,-3.6,5,4,16,0,6,1,21,3,5
Mark Blount,blounma01,2006,C,30,TOT,81,2240,,,,,100%,-4.3,-3.3,54,51,133,32,105,18,209,30,45
Mark Blount,blounma01,2006,C,30,BOS,39,1083,,,,,100%,-2.2,-0.7,40,30,56,19,58,9,140,19,22
Mark Blount,blounma01,2006,C,30,MIN,42,1157,,,,,100%,-6.2,-5.7,14,21,77,13,47,9,69,11,23
Keith Bogans,boganke01,2006,SG-SF,25,TOT,72,1912,,46%,54%,,,-5.2,-3.1,47,23,60,11,77,24,274,18,45
Keith Bogans,boganke01,2006,SG,25,CHA,39,848,,91%,9%,,,-8.5,-5.2,22,9,27,6,42,13,97,9,23
Keith Bogans,boganke01,2006,SF,25,HOU,33,1064,,10%,90%,1%,,-2.5,-1.4,25,14,33,5,35,11,177,9,22
Andrew Bogut,bogutan01,2006,PF,21,MIL,82,2348,,,,80%,20%,1.5,6.8,63,26,150,15,84,66,433,22,55
Matt Bonner,bonnema01,2006,PF,25,TOR,78,1710,,,25%,73%,2%,-4.6,-1.9,10,9,102,8,28,17,136,7,16
Calvin Booth,boothca01,2006,C,29,WAS,33,250,,,,,100%,-3.0,-5.3,4,2,27,0,5,2,26,1,1
Carlos Boozer,boozeca01,2006,PF,24,UTA,33,1025,,,,89%,12%,-3.4,-0.2,28,16,50,17,64,4,187,14,26
Chris Bosh,boshch01,2006,C,21,TOR,70,2751,,,,19%,81%,-1.4,6.6,44,63,109,21,279,43,428,64,69
Bruce Bowen,bowenbr01,2006,SF,34,SAS,82,2755,,,88%,12%,,8.4,0.7,30,24,68,8,30,40,285,6,22
Ryan Bowen,bowenry01,2006,SF,30,HOU,68,652,,22%,59%,19%,,-4.7,-3.8,10,1,40,2,8,7,53,2,8
Earl Boykins,boykiea01,2006,PG,29,DEN,60,1542,100%,,,,,-3.5,-6.1,46,25,20,4,45,7,502,11,39
Michael Bradley,bradlmi01,2006,PF,26,PHI,46,367,,,,40%,60%,-9.2,-7.9,6,6,18,3,2,4,43,1,3
Elton Brand,brandel01,2006,PF,26,LAC,79,3099,,,,85%,15%,2.8,4.6,45,69,113,22,248,14,459,68,65
Primoz Brezec,brezepr01,2006,C,26,CHA,79,2165,,,,,100%,-8.9,-9.7,15,31,130,15,102,9,104,28,50
Devin Brown,brownde02,2006,SG,27,UTA,81,1711,,79%,21%,,,-4.3,-1.9,35,31,69,18,86,25,217,11,38
Kwame Brown,brownkw01,2006,C,23,LAL,72,1978,,,,20%,81%,2.6,0.3,16,30,99,25,112,25,161,28,40
P.J. Brown,brownpj01,2006,C,36,NOK,75,2380,,,,5%,95%,-3.3,-0.6,23,31,110,14,74,8,190,16,36
Rick Brunson,brunsri01,2006,PG,33,TOT,27,246,73%,27%,,,,-6.5,-4.9,12,6,7,3,2,1,76,2,2
Rick Brunson,brunsri01,2006,PG,33,SEA,4,31,93%,7%,,,,-34.2,-31.2,2,0,0,1,0,0,4,0,0
Rick Brunson,brunsri01,2006,PG,33,HOU,23,215,71%,29%,,,,-2.5,-1.1,10,6,7,2,2,1,72,2,2
Kobe Bryant,bryanko01,2006,SG,27,LAL,80,3277,1%,89%,10%,,,4.6,12.5,66,104,69,48,297,12,834,68,82
Greg Buckner,buckngr01,2006,SG,29,DEN,73,1758,,73%,26%,2%,,0.8,1.1,26,12,77,4,20,26,272,11,12
Pat Burke,burkepa01,2006,C,32,PHO,42,346,,,,,100%,-5.1,-12.2,10,10,40,7,10,3,39,1,8
Antonio Burks,burksan01,2006,PG,25,MEM,57,570,63%,37%,,,,-0.8,-6.2,21,12,13,2,8,6,181,5,7
Kevin Burleson,burleke01,2006,PG,26,CHA,39,340,85%,15%,,,,0.6,5.4,12,5,23,3,4,2,109,1,6
Caron Butler,butleca01,2006,SF,25,WAS,75,2708,,33%,61%,6%,,1.8,-0.5,57,46,85,39,137,15,413,24,59
Jackie Butler,butleja01,2006,C,20,NYK,55,740,,,,35%,65%,7.7,18.0,10,20,60,19,33,2,56,12,29
Rasual Butler,butlera01,2006,SF,26,NOK,79,1875,,31%,67%,2%,,-1.6,2.9,19,22,75,9,46,2,86,7,27
Andrew Bynum,bynuman01,2006,C,18,LAL,46,338,,,,,100%,-4.6,-7.8,3,4,34,3,16,1,21,5,16
Will Bynum,bynumwi01,2006,PG,23,GSW,15,162,100%,,,,,-16.2,-15.0,9,4,3,1,6,1,41,1,7
Zarko Cabarkapa,cabarza01,2006,PF,24,GSW,61,505,,,3%,56%,41%,-11.2,-10.8,9,10,37,8,38,3,44,5,16
Jose Calderon,caldejo01,2006,SG,24,TOR,64,1487,49%,50%,1%,,,-4.0,-0.8,60,29,45,2,31,13,679,8,29
Marcus Camby,cambyma01,2006,C,31,DEN,56,1857,,,,26%,74%,1.0,1.5,48,25,88,11,66,27,240,14,15
Brian Cardinal,cardibr01,2006,PF,28,MEM,36,402,,,1%,85%,15%,7.2,3.0,18,4,36,5,11,9,68,1,11
Matt Carroll,carroma01,2006,SG,25,CHA,78,1275,1%,83%,16%,,,-2.3,3.1,21,16,63,7,63,9,76,14,28
Anthony Carter,cartean01,2006,PG,30,MIN,45,589,83%,17%,,,,-3.0,-1.0,23,9,26,4,20,1,216,5,6
Vince Carter,cartevi01,2006,SG,29,NJN,79,2906,,83%,17%,,,5.5,15.5,89,61,88,33,233,22,757,54,55
Sam Cassell,cassesa01,2006,PG,36,LAC,78,2653,100%,,,,,3.2,4.3,81,49,84,31,98,19,1045,12,35
Kelvin Cato,catoke01,2006,C,31,TOT,27,333,,,,,100%,-8.0,-8.2,2,4,27,9,16,7,9,1,11
Kelvin Cato,catoke01,2006,C,31,ORL,23,299,,,,,100%,-6.6,-5.9,2,2,24,9,16,7,4,1,10
Kelvin Cato,catoke01,2006,C,31,DET,4,34,,,,,100%,-19.9,-28.2,0,2,3,0,0,0,5,0,1
Tyson Chandler,chandty01,2006,C,23,CHI,79,2121,,,,1%,100%,2.8,4.0,31,27,153,36,92,25,178,19,20
Calbert Cheaney,cheanca01,2006,SF,34,GSW,42,448,,8%,73%,17%,2%,-11.7,-11.1,5,2,10,3,3,1,42,0,2
Josh Childress,childjo01,2006,SF,22,ATL,74,2249,,46%,52%,2%,,-4.5,2.0,39,32,86,16,89,8,299,19,49
Doug Christie,chrisdo01,2006,SG,35,DAL,7,185,,99%,2%,,,-2.0,-9.0,3,1,7,0,6,3,29,0,2
Speedy Claxton,claxtsp01,2006,PG,27,NOK,71,2019,100%,,,,,0.9,8.1,61,61,64,15,120,37,749,29,60
Mateen Cleaves,cleavma01,2006,PG,28,SEA,27,230,94%,6%,,,,-8.5,-5.5,7,2,14,3,7,0,102,0,2
Jarron Collins,collija03,2006,C,27,UTA,79,1730,,,,,100%,-0.5,4.7,20,15,120,13,77,63,202,12,30
Jason Collins,collija04,2006,C,27,NJN,71,1895,,,,,100%,4.5,5.8,11,20,107,19,31,39,158,4,22
Nick Collison,collini01,2006,PF,25,SEA,66,1448,,,1%,56%,43%,1.0,6.7,31,16,111,17,52,18,159,15,33
Brian Cook,cookbr01,2006,PF,25,LAL,81,1535,,,63%,32%,5%,3.3,1.3,25,17,91,10,46,24,171,6,15
Jamal Crawford,crawfja01,2006,SG,25,NYK,79,2555,18%,74%,8%,,,-6.8,0.6,93,35,65,21,117,5,643,26,43
Austin Croshere,croshau01,2006,PF,30,IND,50,1148,,,,93%,8%,3.8,2.9,16,16,55,7,32,15,149,4,18
Eddy Curry,curryed01,2006,C,23,NYK,72,1865,,,,,100%,-11.7,-8.8,22,43,98,67,242,5,45,55,46
Samuel Dalembert,dalemsa01,2006,C,24,PHI,66,1761,,,,,100%,-2.3,-0.6,30,35,160,12,59,9,58,14,25
Erick Dampier,dampier01,2006,C,30,DAL,82,1934,,,,1%,99%,6.4,-0.3,25,15,158,37,97,10,122,18,40
Antonio Daniels,daniean01,2006,SG,30,WAS,80,2283,14%,84%,2%,,,2.9,2.0,45,23,45,13,121,43,653,27,25
Marquis Daniels,daniema01,2006,SG,25,DAL,62,1766,3%,63%,34%,,,5.2,-2.4,45,28,58,17,81,16,387,16,39
Antonio Davis,davisan01,2006,PF-C,37,TOT,44,940,,,,92%,8%,-9.5,-4.5,16,8,66,17,38,22,53,9,18
Antonio Davis,davisan01,2006,PF,37,NYK,36,749,,,,92%,8%,-14.8,-9.6,14,6,53,14,27,16,34,7,16
Antonio Davis,davisan01,2006,C,37,TOR,8,191,,,,95%,5%,11.4,15.5,2,2,13,3,11,6,19,2,2
Baron Davis,davisba01,2006,PG,26,GSW,54,1971,53%,47%,,,,0.2,4.0,93,32,62,11,114,19,1102,31,42
Dale Davis,davisda01,2006,C,36,DET,28,178,,,,7%,93%,-9.1,-18.0,2,1,11,0,4,0,14,0,1
Josh Davis,davisjo02,2006,PF,25,TOT,6,17,,,30%,71%,,-43.6,-44.6,0,0,1,1,2,0,2,1,0
Josh Davis,davisjo02,2006,PF,25,MIL,4,12,,,42%,58%,,-61.7,-60.7,0,0,1,1,0,0,2,0,0
Josh Davis,davisjo02,2006,PF,25,HOU,1,0,,,,100%,,,,0,0,0,0,0,0,0,0,0
Josh Davis,davisjo02,2006,PF,25,PHO,1,5,,,,100%,,0.0,-6.0,0,0,0,0,2,0,0,1,0
Ricky Davis,davisri01,2006,SG-SF,26,TOT,78,3207,,49%,46%,5%,,-1.0,1.6,104,63,93,21,121,19,860,26,71
Ricky Davis,davisri01,2006,SG,26,BOS,42,1747,,85%,14%,1%,,0.5,3.9,55,33,42,13,60,7,496,16,37
Ricky Davis,davisri01,2006,SF,26,MIN,36,1460,,5%,85%,9%,,-2.9,-1.2,49,30,51,8,61,12,364,10,34
Carlos Delfino,delfica01,2006,SG,23,DET,68,726,,21%,77%,1%,,-5.0,-16.0,12,9,30,7,31,5,97,3,19
Tony Delk,delkto01,2006,PG-SG,32,TOT,24,385,61%,39%,,,,-2.4,-11.3,10,6,10,3,12,0,74,3,5
Tony Delk,delkto01,2006,SG,32,ATL,1,7,100%,,,,,6.3,11.6,0,0,0,0,1,0,0,0,0
Tony Delk,delkto01,2006,PG,32,DET,23,378,60%,40%,,,,-2.5,-11.7,10,6,10,3,11,0,74,3,5
Luol Deng,denglu01,2006,SF,20,CHI,78,2604,,1%,90%,10%,,2.6,4.8,36,39,63,14,113,15,355,21,67
Boris Diaw,diawbo01,2006,PF,23,PHO,81,2874,,,2%,52%,46%,8.9,10.2,100,38,135,25,110,19,1172,31,44
Dan Dickau,dickada01,2006,PG,27,BOS,19,234,100%,,,,,-1.5,0.2,12,3,14,1,2,1,87,0,5
Travis Diener,dienetr01,2006,PG,23,ORL,23,246,100%,,,,,-13.5,-13.2,8,0,7,0,0,3,36,0,0
Ike Diogu,dioguik01,2006,PF,22,GSW,69,1031,,,2%,85%,12%,-3.7,-2.5,13,15,75,30,86,4,64,22,41
DeSagana Diop,diopde01,2006,C,24,DAL,81,1510,,,,1%,99%,9.2,4.3,12,5,178,9,26,3,53,6,12
Juan Dixon,dixonju01,2006,SG,27,POR,76,1920,28%,71%,1%,,,-10.3,1.4,48,41,63,7,69,9,316,18,42
Michael Doleac,doleami01,2006,C,28,MIA,31,371,,,,4%,97%,-13.1,-19.2,3,4,29,2,11,8,16,0,7
Keyon Dooling,doolike01,2006,PG,25,ORL,50,1137,59%,41%,1%,,,2.4,4.9,39,29,39,6,51,13,235,9,25
Chris Duhon,duhonch01,2006,PG,23,CHI,74,2155,89%,11%,,,,-1.1,-4.5,73,29,54,3,39,22,821,7,29
Tim Duncan,duncati01,2006,PF,29,SAS,80,2784,,,,71%,29%,9.4,4.2,59,72,118,31,244,10,571,61,65
Mike Dunleavy,dunlemi02,2006,SF,25,GSW,81,2578,,,69%,30%,1%,-1.2,1.8,60,30,100,19,104,63,553,21,27
Ronald Dupree,duprero01,2006,SF,25,MIN,36,265,,12%,56%,31%,,-11.4,-9.9,1,5,19,6,19,4,33,1,9
John Edwards,edwarjo01,2006,C,24,ATL,40,296,,,,,100%,-14.0,-9.4,0,4,46,8,5,3,12,1,7
Howard Eisley,eisleho01,2006,PG,33,TOT,32,394,99%,1%,,,,-7.6,-8.9,15,4,10,0,7,2,148,0,6
Howard Eisley,eisleho01,2006,PG,33,LAC,13,112,100%,,,,,-3.2,-5.1,2,1,5,0,0,1,53,0,2
Howard Eisley,eisleho01,2006,PG,33,DEN,19,282,99%,1%,,,,-9.4,-10.4,13,3,5,0,7,1,95,0,4
Monta Ellis,ellismo01,2006,SG,20,GSW,49,886,15%,77%,8%,,,-0.2,2.1,16,20,26,11,29,10,174,6,31
Francisco Elson,elsonfr01,2006,C,29,DEN,72,1579,,,,,100%,1.9,2.7,25,15,108,14,37,17,104,8,15
Melvin Ely,elyme01,2006,PF,27,CHA,57,1348,,,,59%,41%,-3.1,1.9,24,22,79,29,79,16,176,18,29
Maurice Evans,evansma01,2006,SG,27,DET,80,1139,,59%,41%,,,2.6,-7.6,11,16,44,6,32,1,141,5,6
Reggie Evans,evansre01,2006,PF,25,TOT,67,1393,,,2%,77%,21%,-7.9,-7.5,21,20,63,16,84,26,86,12,41
Reggie Evans,evansre01,2006,PF,25,SEA,41,788,,,3%,90%,7%,-9.0,-7.1,10,6,28,7,46,11,53,8,28
Reggie Evans,evansre01,2006,PF,25,DEN,26,605,,,,60%,40%,-6.5,-7.9,11,14,35,9,38,15,33,4,13
Daniel Ewing,ewingda01,2006,SG,22,LAC,66,971,29%,67%,5%,,,-1.5,-4.4,33,7,31,6,17,6,180,1,9
Noel Felix,felixno01,2006,SF,24,SEA,12,82,,,88%,12%,,-3.9,-0.6,5,0,4,2,3,0,4,0,3
Raymond Felton,feltora01,2006,PG,21,CHA,80,2406,55%,45%,,,,-2.7,4.3,104,55,60,11,93,28,980,24,58
Michael Finley,finlemi01,2006,SG,32,SAS,77,2038,,43%,53%,4%,,6.0,-4.4,31,19,57,6,21,5,262,3,12
Derek Fisher,fishede01,2006,PG,31,GSW,82,2589,96%,4%,,,,-0.9,2.5,95,40,76,15,82,49,790,17,35
Gerald Fitch,fitchge01,2006,PG,23,MIA,18,239,99%,1%,,,,-1.1,-5.7,12,1,14,1,10,0,74,1,12
Marcus Fizer,fizerma01,2006,PF,27,NOK,3,39,,,,83%,17%,-15.3,-12.3,1,0,1,1,0,0,2,0,1
Sharrod Ford,fordsh02,2006,PF,24,PHO,3,13,,,,95%,5%,-37.2,-43.3,0,0,2,2,0,1,0,0,1
T.J. Ford,fordtj01,2006,PG,22,MIL,72,2557,100%,,,,,0.0,3.4,136,51,77,12,91,15,1091,25,53
Danny Fortson,fortsda01,2006,C,29,SEA,23,276,,,,1%,99%,9.8,14.0,2,0,16,14,20,10,5,8,10
Jeff Foster,fosteje01,2006,C,29,IND,63,1581,,,,32%,68%,3.0,2.0,22,9,75,25,70,4,113,14,28
Adonal Foyle,foylead01,2006,C,30,GSW,77,1824,,,,,100%,-1.0,1.5,26,22,112,21,34,9,75,13,25
Richie Frahm,frahmri01,2006,SG,28,TOT,33,342,,38%,62%,,,-2.9,-0.9,5,1,16,1,3,1,49,1,2
Richie Frahm,frahmri01,2006,SG,28,MIN,25,225,,28%,72%,1%,,3.2,5.7,2,1,11,1,0,0,36,0,1
Richie Frahm,frahmri01,2006,SG,28,HOU,8,117,,56%,44%,,,-14.6,-13.5,3,0,5,0,3,1,13,1,1
Steve Francis,francst01,2006,PG-SG,28,TOT,70,2393,59%,41%,,,,-5.6,-4.0,96,54,72,21,165,12,754,35,37
Steve Francis,francst01,2006,PG,28,ORL,46,1734,67%,33%,,,,-2.7,-2.7,69,39,52,17,117,7,577,24,30
Steve Francis,francst01,2006,SG,28,NYK,24,659,38%,61%,1%,,,-13.2,-7.5,27,15,20,4,48,5,177,11,7
Channing Frye,fryech01,2006,C,22,NYK,65,1572,,,,39%,61%,-2.6,7.3,38,17,98,22,92,10,121,20,31
Dan Gadzuric,gadzuda01,2006,C,27,MIL,74,885,,,,6%,94%,-1.9,-0.9,11,6,107,14,45,10,56,15,22
Deng Gai,gaide01,2006,C,23,PHI,2,5,,,,,100%,-22.2,-20.3,0,0,0,0,0,0,0,0,0
Reece Gaines,gainere01,2006,PG,25,MIL,12,54,19%,81%,,,,-23.1,-22.1,0,1,1,0,2,1,6,0,0
Francisco Garcia,garcifr01,2006,SF,24,SAC,67,1301,,37%,62%,1%,,-0.8,-3.8,40,16,77,8,34,7,205,10,11
Kevin Garnett,garneke01,2006,PF,29,MIN,76,2957,,,,84%,16%,0.6,10.8,73,36,85,35,187,13,653,48,36
Pat Garrity,garripa01,2006,PF,29,ORL,57,938,,,,97%,3%,-2.7,-2.0,17,7,50,11,8,8,87,2,5
Pau Gasol,gasolpa01,2006,PF,25,MEM,80,3135,,,,57%,43%,5.5,4.9,99,83,98,32,243,22,916,45,114
Devean George,georgde01,2006,SF,28,LAL,71,1542,,14%,82%,4%,,2.5,0.0,21,17,72,14,29,12,155,4,18
Eddie Gill,gilled01,2006,PG,27,IND,41,122,100%,,,,,5.3,3.7,7,1,7,0,9,0,26,1,4
Manu Ginobili,ginobma01,2006,SG,28,SAS,65,1813,,83%,17%,,,12.1,7.3,60,34,59,15,120,48,536,23,33
Gordan Giricek,giricgo01,2006,SG,28,UTA,37,956,,79%,21%,,,-5.3,-2.7,24,18,25,11,23,13,135,6,13
Anthony Goldwire,goldwan01,2006,PG,34,LAC,3,22,100%,,,,,-2.6,-4.5,1,0,0,0,0,0,4,0,0
Ryan Gomes,gomesry01,2006,PF,23,BOS,61,1376,,1%,27%,69%,3%,0.4,3.1,11,21,38,16,68,4,140,10,32
Drew Gooden,goodedr01,2006,PF,24,CLE,79,2174,,,,71%,29%,0.7,-4.1,25,30,95,20,120,20,121,28,59
Ben Gordon,gordobe01,2006,SG,22,CHI,80,2482,1%,83%,15%,1%,,1.5,1.5,90,51,99,22,99,24,532,21,72
Joey Graham,grahajo01,2006,SF,23,TOR,80,1581,,19%,77%,4%,,-4.5,-1.6,24,27,110,31,66,16,142,13,27
Stephen Graham,grahast01,2006,SG,23,TOT,22,175,1%,53%,45%,,,6.9,5.5,5,4,11,3,6,1,17,1,5
Stephen Graham,grahast01,2006,SG,23,HOU,6,38,,8%,92%,,,3.9,5.5,3,1,2,1,0,0,8,0,1
Stephen Graham,grahast01,2006,SG,23,CHI,3,20,,6%,94%,,,0.4,-0.6,0,0,1,0,1,0,2,0,0
Stephen Graham,grahast01,2006,SG,23,CLE,13,117,2%,76%,22%,,,8.9,6.5,2,3,8,2,5,1,7,1,4
Danny Granger,grangda01,2006,SF,22,IND,78,1765,,,27%,71%,2%,-1.6,-6.1,29,22,101,12,68,15,217,15,35
Brian Grant,grantbr01,2006,C,33,PHO,21,248,,,,7%,94%,-2.7,-9.2,1,1,27,4,3,2,18,2,3
Devin Green,greende01,2006,SG,23,LAL,27,135,,26%,73%,1%,,-14.5,-17.6,3,0,6,1,8,1,18,1,4
Gerald Green,greenge01,2006,SG,20,BOS,32,374,,59%,37%,4%,,-4.1,-2.7,5,8,19,0,18,0,38,3,2
Willie Green,greenwi01,2006,SG,24,PHI,10,153,48%,52%,,,,-8.3,-6.6,7,4,3,1,1,1,13,1,2
Orien Greene,greenor01,2006,PG,23,BOS,80,1235,75%,25%,,,,-4.1,-3.6,47,34,69,22,23,5,284,3,13
Adrian Griffin,griffad01,2006,SG,31,DAL,52,1245,2%,85%,13%,,,9.0,3.5,17,11,52,3,23,6,204,3,18
Eddie Griffin,griffed01,2006,C,23,MIN,70,1359,,,,15%,85%,-5.6,-5.2,14,16,82,4,35,3,85,8,26
Anthony Grundy,grundan01,2006,SG,26,ATL,12,108,80%,20%,,,,12.7,18.6,3,2,5,4,7,1,18,2,1
Richard Hamilton,hamilri01,2006,SG,27,DET,80,2825,,99%,1%,,,9.8,6.1,73,52,60,29,114,26,602,29,71
Zendon Hamilton,hamilze01,2006,C,30,TOT,12,49,,,,,100%,-20.1,-22.6,2,2,0,1,7,0,0,2,4
Zendon Hamilton,hamilze01,2006,C,30,CLE,11,46,,,,,100%,-17.1,-19.9,2,2,0,1,6,0,0,2,3
Zendon Hamilton,hamilze01,2006,C,30,PHI,1,3,,,,,100%,-66.7,-64.8,0,0,0,0,1,0,0,0,1
Anfernee Hardaway,hardaan01,2006,SF,34,NYK,4,72,,25%,74%,1%,,3.6,10.8,5,1,2,0,0,0,19,0,0
Matt Harpring,harprma01,2006,SF,29,UTA,71,1944,,28%,71%,1%,,-3.3,-0.1,45,22,86,27,118,13,214,24,54
Al Harrington,harrial01,2006,PF,25,ATL,76,2782,,,20%,73%,7%,-6.6,-4.0,82,41,129,40,150,24,531,33,71
Othella Harrington,harriot01,2006,C,32,CHI,72,824,,,,63%,37%,0.8,-0.2,17,8,54,21,45,23,88,10,15
Devin Harris,harride01,2006,PG,22,DAL,56,1275,53%,47%,,,,6.1,-0.7,37,24,51,12,89,21,403,29,39
David Harrison,harrida01,2006,C,23,IND,67,1034,,,,,100%,-2.3,-5.5,14,19,106,31,78,6,34,17,33
Jason Hart,hartja01,2006,PG,27,SAC,66,818,61%,39%,,,,-2.3,-5.0,20,14,33,7,18,9,156,2,19
Udonis Haslem,hasleud01,2006,PF,25,MIA,81,2491,,,,90%,10%,6.5,5.9,33,20,84,13,70,36,215,11,25
Trenton Hassell,hassetr01,2006,SG,26,MIN,77,2514,,71%,27%,1%,,-2.1,0.1,59,26,79,19,89,12,440,26,42
Chuck Hayes,hayesch01,2006,PF,22,HOU,40,535,,,,98%,2%,9.6,12.9,2,3,33,2,21,7,33,5,16
Jarvis Hayes,hayesja01,2006,SG,24,WAS,21,516,,75%,25%,,,0.5,-1.8,11,7,16,1,15,0,62,5,11
Brendan Haywood,haywobr01,2006,C,26,WAS,79,1879,,,,,100%,2.5,1.0,9,34,139,21,93,36,108,17,29
Luther Head,headlu01,2006,SG,23,HOU,80,2310,8%,70%,22%,,,-0.8,1.7,67,24,69,7,46,3,485,9,37
Alan Henderson,hendeal01,2006,C,33,CLE,51,531,,,,35%,65%,-3.5,-7.0,3,10,36,2,23,3,23,6,14
Nene,hilarne01,2006,PF,23,DEN,1,3,,,,100%,,-93.3,-93.6,1,0,1,0,0,0,0,0,0
Grant Hill,hillgr01,2006,SF,33,ORL,21,613,,24%,75%,1%,,-3.7,-3.1,15,11,26,7,42,16,101,10,20
Kirk Hinrich,hinriki01,2006,PG,25,CHI,81,2955,47%,51%,2%,,,0.3,-2.7,101,56,124,16,111,45,1150,18,45
Julius Hodge,hodgeju01,2006,SG,22,DEN,14,33,,27%,73%,1%,,1.5,1.3,0,6,2,1,2,0,13,0,4
Randy Holcomb,holcora01,2006,SF,26,CHI,4,11,,,90%,11%,,7.2,6.3,0,0,0,0,0,0,0,0,0
Robert Horry,horryro01,2006,PF,35,SAS,63,1182,,,,96%,4%,10.8,3.8,23,10,60,3,18,11,175,1,9
Eddie House,houseed01,2006,PG,27,PHO,81,1421,99%,1%,,,,2.8,-5.0,41,20,42,8,12,7,328,1,23
Dwight Howard,howardw01,2006,PF,20,ORL,82,3021,,,,74%,26%,0.1,5.2,50,70,149,44,272,7,275,65,85
Josh Howard,howarjo01,2006,SF,25,DAL,59,1915,,4%,92%,5%,,8.7,4.2,29,24,85,15,127,18,251,33,51
Juwan Howard,howarju01,2006,PF,32,HOU,80,2537,,,,90%,9%,-5.3,-10.7,47,29,81,35,86,12,263,23,63
Troy Hudson,hudsotr01,2006,PG,29,MIN,36,800,100%,,,,,-2.3,-0.1,18,10,12,5,12,21,231,5,16
Larry Hughes,hughela01,2006,SG,27,CLE,36,1281,1%,86%,13%,,,1.4,-1.9,42,23,55,19,84,11,295,14,34
Kris Humphries,humphkr01,2006,PF,20,UTA,62,619,,,19%,77%,4%,-8.2,-5.9,13,7,39,7,24,3,62,4,15
Lindsey Hunter,hunteli01,2006,PG,35,DET,30,353,100%,,,,,6.4,-1.7,13,6,22,1,2,4,130,0,3
Steven Hunter,huntest01,2006,C,24,PHI,69,1312,,,,9%,91%,-1.7,0.3,10,29,70,7,71,8,42,21,36
Andre Iguodala,iguodan01,2006,SF,22,PHI,82,3086,,48%,51%,1%,,0.4,10.5,76,44,110,9,151,26,554,19,36
Zydrunas Ilgauskas,ilgauzy01,2006,C,30,CLE,78,2283,,,,,100%,3.6,2.3,28,44,152,33,171,18,206,40,51
D.J. Mbenga,mbengdj01,2006,C,25,DAL,43,237,,,5%,7%,88%,-0.3,-7.3,4,4,30,3,6,3,5,0,2
Allen Iverson,iversal01,2006,PG,30,PHI,72,3103,100%,,,,,-0.2,8.6,131,79,49,17,343,44,1169,68,103
Royal Ivey,iveyro01,2006,PG,24,ATL,73,978,100%,,,,,-7.2,-2.4,15,3,60,4,9,28,164,1,9
Jarrett Jack,jackja01,2006,SG,22,POR,79,1599,16%,80%,4%,,,-12.6,-2.6,47,28,65,16,64,13,482,16,20
Bobby Jackson,jacksbo01,2006,PG,32,MEM,71,1775,86%,14%,,,,5.9,2.6,60,30,63,5,62,14,443,13,49
Jermaine Jackson,jacksje01,2006,PG,29,MIL,30,202,77%,23%,,,,-23.3,-23.3,9,3,6,0,5,2,58,2,3
Jim Jackson,jacksji01,2006,SF,35,TOT,40,512,1%,31%,68%,,,0.7,-5.0,27,2,30,2,4,3,80,0,5
Jim Jackson,jacksji01,2006,SF,35,PHO,27,420,1%,30%,69%,,,3.1,-3.2,22,2,25,2,4,3,72,0,5
Jim Jackson,jacksji01,2006,SF,35,LAL,13,92,,34%,66%,,,-10.5,-13.3,5,0,5,0,0,0,8,0,0
Luke Jackson,jackslu02,2006,SF,24,CLE,36,315,,35%,64%,1%,,-5.1,-8.4,16,7,18,4,11,2,55,2,4
Marc Jackson,jacksma02,2006,C,31,TOT,64,1027,,,,2%,98%,-7.0,-6.6,20,18,57,15,37,19,100,10,27
Marc Jackson,jacksma02,2006,C,31,NJN,37,433,,,,5%,95%,-4.4,-6.6,6,3,33,12,22,10,50,4,8
Marc Jackson,jacksma02,2006,C,31,NOK,27,594,,,,,100%,-8.8,-6.7,14,15,24,3,15,9,50,6,19
Stephen Jackson,jacksst02,2006,SG,27,IND,81,2910,,51%,48%,1%,,0.1,-6.5,79,71,82,31,142,7,506,21,70
Jerome James,jamesje01,2006,C,30,NYK,45,406,,,,,100%,-18.6,-12.9,11,13,49,17,22,7,27,6,6
LeBron James,jamesle01,2006,SF,21,CLE,79,3361,,1%,97%,2%,,4.1,10.4,120,68,59,35,362,16,1190,107,65
Mike James,jamesmi01,2006,PG,30,TOR,79,2925,91%,9%,,,,-2.7,3.1,101,52,72,34,105,25,1060,28,71
Antawn Jamison,jamisan01,2006,SF,29,WAS,82,3288,,1%,53%,45%,1%,3.4,8.3,60,47,122,17,109,20,360,30,60
Marko Jaric,jaricma01,2006,PG,27,MIN,75,2102,68%,30%,2%,,,0.9,6.5,79,18,81,14,55,5,624,9,35
Sarunas Jasikevicius,jasiksa01,2006,PG,29,IND,75,1557,58%,40%,1%,,,1.1,-1.1,75,28,45,6,35,7,488,4,16
Al Jefferson,jeffeal01,2006,PF,21,BOS,59,1062,,,,43%,57%,-5.2,-4.8,12,21,107,9,71,18,68,20,43
Richard Jefferson,jefferi01,2006,SF,25,NJN,78,3059,,2%,90%,8%,,4.0,11.3,73,53,87,30,259,24,666,56,64
Jared Jeffries,jeffrja01,2006,PF,24,WAS,77,1951,,,5%,87%,8%,3.0,2.1,38,32,108,21,81,25,332,15,35
Amir Johnson,johnsam01,2006,SF,18,DET,3,39,,,100%,,,-27.2,-35.6,2,0,3,1,1,0,6,0,0
Anthony Johnson,johnsan02,2006,PG,31,IND,75,1981,99%,1%,,,,3.7,3.9,67,22,52,12,42,6,727,6,29
DerMarr Johnson,johnsde03,2006,SG,25,DEN,58,924,,51%,42%,7%,,-2.1,-3.0,18,11,51,6,17,3,120,7,19
Ervin Johnson,johnser02,2006,C,38,MIL,18,81,,,,,100%,-18.3,-17.4,0,4,14,0,1,0,4,0,3
Joe Johnson,johnsjo02,2006,SG,24,ATL,82,3340,20%,76%,4%,,,-6.5,-6.9,120,83,83,27,114,9,1179,36,40
Linton Johnson,johnsli01,2006,SF,25,TOT,36,524,,2%,74%,24%,1%,-4.9,-2.4,9,11,32,5,10,5,31,1,10
Linton Johnson,johnsli01,2006,SF,25,NJN,9,35,,30%,25%,43%,2%,-3.0,-4.5,2,2,5,0,2,0,4,0,2
Linton Johnson,johnsli01,2006,SF,25,NOK,27,489,,,77%,22%,1%,-5.1,-2.2,7,9,27,5,8,5,27,1,8
Dahntay Jones,jonesda02,2006,SF,25,MEM,71,967,,13%,82%,5%,,-6.7,-14.8,17,14,40,11,44,17,92,8,22
Damon Jones,jonesda01,2006,PG,29,CLE,82,2089,97%,3%,,,,2.5,-0.1,35,8,43,6,10,8,388,3,8
Dwayne Jones,jonesdw02,2006,PF,22,BOS,14,87,,,4%,44%,53%,14.5,16.5,0,0,9,1,5,0,5,1,2
Eddie Jones,jonesed02,2006,SG,34,MEM,75,2437,,95%,5%,,,7.3,7.2,48,20,73,18,79,24,395,11,37
Fred Jones,jonesfr01,2006,SG,26,IND,68,1837,,89%,11%,,,0.0,-3.3,57,25,64,20,64,10,350,15,26
James Jones,jonesja02,2006,SF,25,PHO,75,1772,,5%,84%,12%,,5.4,-1.1,17,7,69,5,43,28,145,7,12
Jumaine Jones,jonesju01,2006,PF,26,CHA,76,2089,,,33%,56%,11%,-5.7,-2.8,36,22,109,10,41,26,140,12,21
Chris Kaman,kamanch01,2006,C,23,LAC,78,2560,,,,,100%,2.8,2.7,50,60,160,23,110,6,172,27,63
Jason Kapono,kaponja01,2006,SF,24,MIA,51,665,4%,35%,62%,,,-7.1,-13.7,9,5,42,3,8,8,85,1,9
Mario Kasun,kasunma01,2006,C,25,ORL,28,213,,,,,100%,-4.3,-3.3,4,5,37,4,9,1,6,1,9
Viktor Khryapa,khryavi01,2006,SF,23,POR,69,1492,,,64%,32%,4%,-10.6,0.7,39,25,87,10,43,34,190,7,20
Jason Kidd,kiddja01,2006,PG,32,NJN,80,2975,100%,,,,,4.4,12.6,141,35,71,9,66,10,1444,12,27
Andrei Kirilenko,kirilan01,2006,SF,24,UTA,69,2604,,1%,72%,27%,,1.0,12.3,111,58,67,16,205,24,628,35,57
Linas Kleiza,kleizli01,2006,PF,21,DEN,61,519,,,8%,59%,33%,-2.1,-2.7,3,8,34,4,40,2,34,11,13
Brevin Knight,knighbr01,2006,PG,30,CHA,69,2351,100%,,,,,-5.4,-2.4,109,26,87,6,109,22,1344,22,52
Yaroslav Korolev,korolya01,2006,SF,18,LAC,24,127,,8%,63%,28%,,-3.5,-5.5,5,1,9,0,4,3,19,2,2
Kyle Korver,korveky01,2006,SF,24,PHI,82,2563,,5%,75%,19%,,-2.3,-1.0,47,29,130,11,19,32,350,4,20
Nenad Krstic,krstine01,2006,PF,22,NJN,80,2469,,,,57%,43%,5.3,10.3,25,42,131,32,116,49,208,27,84
Toni Kukoc,kukocto01,2006,PF,37,MIL,65,1018,,,12%,87%,1%,-3.0,-2.3,45,13,51,4,21,5,302,7,2
Raef LaFrentz,lafrera01,2006,PF,29,BOS,82,2033,,,,62%,38%,-1.1,1.1,38,12,176,10,30,18,263,6,27
Maciej Lampe,lampema01,2006,C,20,TOT,6,28,,,,,100%,-14.1,-11.7,0,2,0,0,1,0,5,0,1
Maciej Lampe,lampema01,2006,C,20,NOK,2,16,,,,,100%,-25.2,-22.1,0,1,0,0,0,0,5,0,0
Maciej Lampe,lampema01,2006,C,20,HOU,4,12,,,,,100%,0.8,2.3,0,1,0,0,1,0,0,0,1
David Lee,leeda02,2006,SF,22,NYK,67,1129,,,57%,42%,1%,-3.6,4.7,32,10,53,5,62,7,96,16,23
Voshon Lenard,lenarvo01,2006,SG,32,TOT,26,458,,76%,24%,,,-5.5,-0.4,17,9,14,3,12,2,88,2,11
Voshon Lenard,lenarvo01,2006,SG,32,DEN,12,238,,83%,18%,,,-0.2,-0.5,3,5,9,2,4,2,36,1,6
Voshon Lenard,lenarvo01,2006,SG,32,POR,14,220,,68%,32%,,,-11.3,-0.3,14,4,5,1,8,0,52,1,5
Rashard Lewis,lewisra02,2006,SF,26,SEA,78,2876,,1%,88%,11%,1%,-3.9,-2.4,55,37,83,34,163,5,420,34,52
Randy Livingston,livinra01,2006,PG,30,CHI,5,22,40%,43%,17%,,,19.6,18.7,1,0,0,0,0,0,2,0,2
Shaun Livingston,livinsh01,2006,PG,20,LAC,61,1525,59%,41%,,,,-1.5,-5.4,66,23,73,10,32,9,597,1,20
John Lucas III,lucasjo02,2006,PG,23,HOU,13,107,100%,,,,,-8.8,-7.5,3,1,1,1,0,1,26,0,2
Tyronn Lue,luety01,2006,PG,28,ATL,51,1234,100%,,,,,-4.4,1.4,36,21,54,10,33,19,355,5,25
Arvydas Macijauskas,macijar01,2006,SG,26,NOK,19,135,34%,66%,,,,-6.7,-3.7,4,2,4,0,4,3,12,0,4
Mark Madsen,madsema01,2006,C,30,MIN,62,676,,,,39%,61%,-1.4,0.9,5,7,53,7,9,20,24,1,10
Corey Maggette,maggeco01,2006,SF,26,LAC,32,943,,13%,84%,3%,,6.8,6.6,22,23,32,24,104,7,140,17,29
Jamaal Magloire,magloja01,2006,C,27,MIL,82,2465,,,,,100%,-2.1,-2.0,35,49,141,34,133,8,125,25,59
Stephon Marbury,marbust01,2006,PG,28,NYK,60,2193,78%,22%,,,,-6.7,0.6,96,29,53,20,141,20,832,36,51
Shawn Marion,mariosh01,2006,PF,27,PHO,81,3263,,1%,32%,65%,2%,6.8,4.2,49,39,133,10,130,19,348,29,55
Sean Marks,marksse01,2006,PF,30,SAS,25,181,,,18%,80%,2%,-8.8,-17.8,4,2,13,0,5,2,15,1,2
Donyell Marshall,marshdo01,2006,PF,32,CLE,81,2077,,,2%,97%,1%,2.3,-0.6,35,20,96,15,42,6,140,5,24
Rawle Marshall,marshra01,2006,SF,23,DAL,23,241,5%,11%,82%,2%,,-1.0,-8.1,3,8,5,2,12,1,25,1,6
Darrick Martin,martida01,2006,PG,34,TOR,40,339,96%,5%,,,,7.6,12.1,9,4,15,1,5,1,134,0,5
Kenyon Martin,martike01,2006,PF,28,DEN,56,1546,,,,68%,32%,1.8,2.5,32,12,84,10,86,2,173,20,43
Kevin Martin,martike02,2006,SG,22,SAC,72,1913,5%,80%,15%,,,0.9,-1.6,35,27,43,8,87,28,220,17,34
Desmond Mason,masonde01,2006,SF,28,NOK,70,2102,,1%,88%,11%,,-6.5,-7.4,37,34,60,22,121,49,137,20,56
Jason Maxiell,maxieja01,2006,PF,22,DET,26,159,,,2%,93%,4%,-27.3,-37.0,3,7,10,1,16,0,6,2,1
Sean May,mayse01,2006,PF,21,CHA,23,398,,,4%,85%,11%,-3.0,1.6,10,10,29,9,25,1,51,6,16
Rashad McCants,mccanra01,2006,SG,21,MIN,79,1362,,85%,15%,,,-4.6,-3.7,28,18,58,29,49,5,134,8,26
Walter McCarty,mccarwa01,2006,SF,31,LAC,36,353,,,38%,58%,3%,1.5,-0.4,10,5,27,1,10,4,49,3,7
Antonio McDyess,mcdyean01,2006,PF,31,DET,82,1733,,,,97%,3%,4.5,-6.3,28,13,124,20,53,12,204,12,15
Tracy McGrady,mcgratr01,2006,SF,26,HOU,47,1745,,,91%,10%,,1.9,6.1,66,34,48,8,147,7,510,31,32
Jeff McInnis,mcinnje01,2006,SG,31,NJN,28,486,10%,80%,11%,,,-17.4,-21.4,20,6,11,0,12,3,118,3,5
Aaron McKie,mckieaa01,2006,PG,33,LAL,14,121,69%,31%,,,,-11.2,-14.1,2,0,4,0,1,0,25,0,0
Keith McLeod,mcleoke01,2006,PG,26,UTA,66,1232,100%,,,,,-5.7,-3.5,32,15,54,20,44,19,324,4,11
Stanislav Medvedenko,medvest01,2006,PF,26,LAL,2,6,,,,3%,97%,88.3,86.0,0,0,0,0,0,0,2,0,0
Chris Mihm,mihmch01,2006,C,26,LAL,59,1541,,,,1%,100%,1.4,-1.7,12,26,113,21,81,12,136,15,39
Aaron Miles,milesaa01,2006,PG,22,GSW,19,118,100%,,,,,-1.3,0.5,7,1,5,0,1,2,49,0,3
C.J. Miles,milescj01,2006,PG,18,UTA,23,203,,75%,26%,,,-4.2,-1.0,6,2,7,0,9,2,32,0,6
Darius Miles,milesda01,2006,SF,24,POR,40,1286,,2%,78%,20%,1%,-8.4,3.9,38,25,47,23,72,4,168,17,23
Darko Milicic,milicda01,2006,C,20,TOT,55,767,,,,1%,99%,-2.6,-2.7,29,10,64,6,21,4,88,2,12
Darko Milicic,milicda01,2006,C,20,DET,25,140,,,,,100%,-27.0,-36.4,6,3,17,2,3,0,21,0,0
Darko Milicic,milicda01,2006,C,20,ORL,30,627,,,,1%,99%,2.9,4.8,23,7,47,4,18,4,67,2,12
Andre Miller,millean02,2006,PG,29,DEN,82,2937,57%,36%,8%,,,2.2,7.2,149,53,76,29,181,33,1448,35,63
Brad Miller,millebr01,2006,C,29,SAC,79,2923,,,,,100%,3.9,8.5,107,45,137,13,141,35,854,32,57
Mike Miller,millemi01,2006,SG,25,MEM,74,2268,,46%,54%,,,2.3,-5.1,71,28,77,27,75,18,454,23,29
Yao Ming,mingya01,2006,C,25,HOU,57,1949,,,,,100%,1.7,6.3,27,58,114,32,182,12,200,55,72
Cuttino Mobley,moblecu01,2006,SG,30,LAC,79,2979,,38%,62%,1%,,2.2,1.4,68,36,92,25,86,9,503,19,47
Nazr Mohammed,mohamna01,2006,C,28,SAS,80,1389,,,,12%,88%,5.5,-4.0,18,30,129,18,72,6,87,19,55
Sergei Monia,moniase01,2006,SF,22,TOT,26,343,,65%,22%,13%,,-23.1,-13.4,4,4,23,1,8,0,43,1,7
Sergei Monia,moniase01,2006,SF,22,POR,23,336,,67%,22%,11%,,-23.2,-13.3,4,4,23,1,7,0,43,1,7
Sergei Monia,moniase01,2006,SF,22,SAC,3,7,,,17%,84%,,-16.7,-18.4,0,0,0,0,1,0,0,0,0
Mikki Moore,mooremi01,2006,C,30,SEA,47,583,,,,60%,40%,-1.2,2.4,17,11,54,9,23,12,62,2,9
Terence Morris,morrite01,2006,SF,27,ORL,22,192,,12%,84%,4%,,0.1,1.3,3,3,11,1,1,0,8,1,1
Alonzo Mourning,mournal01,2006,C,35,MIA,65,1302,,,,1%,99%,10.0,8.5,9,15,87,26,96,9,25,20,27
Troy Murphy,murphtr01,2006,PF,25,GSW,74,2516,,,,74%,26%,-3.2,-3.8,30,36,80,23,139,11,243,33,58
Lamond Murray,murrala01,2006,SF,32,NJN,57,576,,2%,66%,32%,,-5.7,-8.3,6,6,38,3,19,2,31,1,2
Ronald Murray,murraro01,2006,SG,26,TOT,76,2112,30%,67%,2%,,,-1.7,-1.8,50,53,50,15,110,6,447,21,63
Ronald Murray,murraro01,2006,SG,26,SEA,48,1085,53%,46%,1%,,,-7.3,-5.5,26,35,31,6,63,4,279,13,39
Ronald Murray,murraro01,2006,SG,26,CLE,28,1027,6%,90%,4%,,,4.2,2.2,24,18,19,9,47,2,168,8,24
Dikembe Mutombo,mutomdi01,2006,C,39,HOU,64,955,,,,,100%,-3.3,-2.3,3,9,63,10,36,6,9,5,11
Boniface N'Dong,ndongbo01,2006,C,28,LAC,23,152,,,,36%,64%,-14.0,-16.5,1,1,14,0,5,2,16,1,3
Bostjan Nachbar,nachbbo01,2006,PF-SF,25,TOT,36,502,,,82%,18%,,-0.9,1.6,8,6,28,3,18,8,63,2,6
Bostjan Nachbar,nachbbo01,2006,PF,25,NOK,25,405,,,90%,10%,,0.0,3.4,8,5,22,1,15,7,50,2,5
Bostjan Nachbar,nachbbo01,2006,SF,25,NJN,11,97,,,46%,55%,,-4.7,-6.3,0,1,6,2,3,1,13,0,1
Lee Nailon,nailole01,2006,PF,30,PHI,22,237,,,6%,77%,17%,-0.7,1.3,2,2,11,5,9,1,16,3,4
Eduardo Najera,najered01,2006,PF,29,DEN,64,1449,,,5%,87%,8%,1.4,1.8,22,12,83,15,44,21,111,12,28
Steve Nash,nashst01,2006,PG,31,PHO,79,2796,87%,13%,,,,8.7,9.1,186,66,42,7,79,39,1874,28,31
Jameer Nelson,nelsoja01,2006,PG,23,ORL,62,1784,97%,3%,,,,2.5,6.6,75,43,80,17,69,12,665,17,41
Rasho Nesterovic,nestera01,2006,C,29,SAS,80,1515,,,,,100%,9.9,2.9,22,12,124,9,13,12,76,2,13
Ira Newble,newblir01,2006,SG,31,CLE,36,353,,78%,22%,,,2.2,-0.4,5,3,20,1,4,2,19,1,5
Andres Nocioni,nocioan01,2006,PF,26,CHI,82,2239,,,42%,56%,1%,-1.4,-5.5,34,42,128,23,92,64,274,23,68
Moochie Norris,norrimo01,2006,PG,32,TOT,45,424,89%,11%,,,,-7.2,-5.2,15,10,20,2,18,2,112,3,10
Moochie Norris,norrimo01,2006,PG,32,HOU,29,241,94%,6%,,,,5.6,7.6,7,6,11,1,7,1,65,1,8
Moochie Norris,norrimo01,2006,PG,32,NOK,16,183,83%,18%,,,,-24.1,-22.0,8,4,9,1,11,1,47,2,2
Dirk Nowitzki,nowitdi01,2006,PF,27,DAL,81,3089,,,,90%,10%,8.4,8.2,71,50,102,18,219,12,502,57,71
Jermaine O'Neal,onealje01,2006,PF,27,IND,51,1802,,,,45%,55%,2.4,1.1,47,40,96,31,172,35,306,41,58
Shaquille O'Neal,onealsh01,2006,C,33,MIA,59,1806,,,,,100%,7.1,5.3,32,38,125,43,204,6,271,71,34
Fabricio Oberto,obertfa01,2006,C,30,SAS,59,490,,,,24%,76%,-1.6,-11.1,7,7,54,5,7,9,62,1,10
Lamar Odom,odomla01,2006,PF,26,LAL,80,3221,,,12%,78%,10%,3.4,4.7,96,45,116,43,131,11,1003,35,58
Emeka Okafor,okafoem01,2006,PF,23,CHA,26,874,,,,79%,21%,-4.4,0.0,14,15,44,11,56,5,71,9,28
Mehmet Okur,okurme01,2006,PF,26,UTA,82,2945,,,,62%,39%,-2.4,3.2,61,46,173,20,172,35,416,35,66
Kevin Ollie,ollieke01,2006,SG,33,PHI,70,1069,42%,58%,,,,-8.6,-9.0,17,6,39,4,20,14,223,4,9
Michael Olowokandi,olowomi01,2006,C,30,TOT,48,919,,,,,100%,-5.4,-3.6,4,9,48,18,22,3,53,5,13
Michael Olowokandi,olowomi01,2006,C,30,MIN,32,752,,,,,100%,-3.1,-1.1,2,6,39,14,18,3,40,5,12
Michael Olowokandi,olowomi01,2006,C,30,BOS,16,167,,,,,100%,-16.0,-15.0,2,3,9,4,4,0,13,0,1
Greg Ostertag,ostergr01,2006,C,32,UTA,60,807,,,,,100%,-10.0,-8.4,29,6,97,7,22,8,126,0,18
Bo Outlaw,outlabo01,2006,PF,34,ORL,32,355,,,2%,95%,3%,-1.4,-0.3,7,3,20,3,2,8,30,1,4
Travis Outlaw,outlatr01,2006,PF,21,POR,69,1153,,,21%,68%,12%,-13.8,-4.0,8,12,47,10,37,4,75,3,21
Andre Owens,owensan01,2006,PG,25,UTA,23,210,1%,96%,3%,,,-8.1,-5.1,2,6,9,3,8,1,19,1,13
Zaza Pachulia,pachuza01,2006,C,21,ATL,78,2452,,,,,100%,-5.6,-0.6,35,57,110,54,185,31,281,34,90
Scott Padgett,padgesc01,2006,PF,29,NJN,62,718,,,,93%,7%,-7.7,-11.1,12,6,50,2,14,2,95,3,11
Milt Palacio,palacmi01,2006,PG,27,UTA,71,1376,82%,19%,,,,-3.5,-0.4,41,36,55,19,57,6,434,8,47
Jannero Pargo,pargoja01,2006,PG,26,CHI,57,646,100%,,,,,0.5,-0.5,41,8,29,7,6,12,209,1,9
Smush Parker,parkesm01,2006,PG,24,LAL,82,2773,100%,,,,,3.3,2.9,81,45,84,10,69,23,685,16,35
Tony Parker,parketo01,2006,PG,23,SAS,80,2715,92%,8%,,,,10.4,7.3,111,68,41,32,154,9,1065,48,78
Ruben Patterson,patteru01,2006,SF-SG,30,TOT,71,1792,,37%,60%,4%,,-5.2,1.9,44,46,42,33,153,10,276,33,82
Ruben Patterson,patteru01,2006,SF,30,POR,45,1056,,16%,80%,4%,,-5.9,7.0,22,26,23,14,97,8,132,23,50
Ruben Patterson,patteru01,2006,SG,30,DEN,26,736,,67%,31%,3%,,-4.1,-5.4,22,20,19,19,56,2,144,10,32
Chris Paul,paulch01,2006,PG,20,NOK,78,2808,60%,41%,,,,-3.3,-0.6,74,60,58,33,150,22,1323,30,66
Sasha Pavlovic,pavloal01,2006,SG,22,CLE,53,813,,79%,19%,1%,,0.8,-2.3,13,10,32,14,23,4,53,5,12
Gary Payton,paytoga01,2006,PG,37,MIA,81,2305,70%,30%,,,,3.0,-3.0,52,20,65,10,27,14,588,7,24
Kendrick Perkins,perkike01,2006,C,21,BOS,68,1332,,,,18%,82%,-2.3,-0.9,35,25,104,22,64,7,161,18,32
Morris Peterson,petermo01,2006,SG,28,TOR,82,3140,,82%,18%,,,-4.0,-2.4,44,37,94,25,125,48,419,28,21
Johan Petro,petrojo01,2006,C,20,SEA,68,1282,,,,,100%,-6.1,-4.2,19,15,118,15,36,7,34,5,25
Eric Piatkowski,piatker01,2006,SG,35,CHI,29,228,,47%,51%,2%,,2.5,1.6,9,1,10,1,1,0,28,1,3
Paul Pierce,piercpa01,2006,SF,28,BOS,79,3084,,36%,59%,5%,,-1.0,2.8,118,90,105,32,332,26,846,71,88
Mickael Pietrus,pietrmi01,2006,SF,23,GSW,52,1179,,20%,73%,7%,,-6.2,-6.3,22,25,49,15,57,8,105,11,31
Zoran Planinic,planizo01,2006,PG,23,NJN,56,596,76%,24%,,,,-6.0,-8.7,16,19,37,5,24,4,120,1,18
Pavel Podkolzin,podkopa01,2006,C,21,DAL,1,18,,,,,100%,3.8,-2.8,0,2,0,0,2,0,0,0,1
Scot Pollard,pollasc01,2006,C,30,IND,45,771,,,,7%,93%,5.3,4.4,10,10,70,5,20,6,60,9,13
James Posey,poseyja01,2006,SF,29,MIA,67,1914,,3%,97%,,,5.7,2.8,32,9,80,9,16,31,208,5,10
Vitaly Potapenko,potapvi01,2006,C,30,TOT,33,353,,,,,100%,-9.9,-7.4,5,6,22,1,6,3,21,0,7
Vitaly Potapenko,potapvi01,2006,C,30,SEA,24,321,,,,,100%,-7.9,-5.0,3,6,19,1,6,3,16,0,6
Vitaly Potapenko,potapvi01,2006,C,30,SAC,9,32,,,,,100%,-30.0,-32.0,2,0,3,0,0,0,5,0,1
Josh Powell,poweljo01,2006,PF,23,DAL,37,429,,3%,36%,61%,1%,1.3,-5.9,4,7,26,4,22,0,20,1,8
Ronnie Price,pricero01,2006,PG,22,SAC,29,150,84%,16%,,,,-10.6,-12.8,5,3,5,1,6,1,23,1,4
Tayshaun Prince,princta01,2006,SF,25,DET,82,2898,,,99%,1%,,12.6,16.4,35,36,54,8,109,11,432,27,54
Laron Profit,profila01,2006,SG,28,LAL,25,279,9%,87%,5%,,,-5.7,-8.8,9,12,4,2,8,0,35,1,3
Joel Przybilla,przybjo01,2006,C,26,POR,56,1395,,,,,100%,-9.5,2.3,20,15,61,22,72,3,92,12,35
Vladimir Radmanovic,radmavl01,2006,PF,25,TOT,77,1974,,,26%,66%,8%,-3.1,-2.8,43,25,121,13,43,4,307,11,36
Vladimir Radmanovic,radmavl01,2006,PF,25,SEA,47,1089,,,6%,81%,14%,-4.8,-2.1,22,14,77,9,26,0,170,8,22
Vladimir Radmanovic,radmavl01,2006,PF,25,LAC,30,885,,,52%,48%,1%,-1.1,-3.8,21,11,44,4,17,4,137,3,14
Shavlik Randolph,randosh01,2006,PF,22,PHI,57,487,,,1%,59%,40%,3.6,6.3,1,11,40,3,33,15,44,3,12
Zach Randolph,randoza01,2006,PF,24,POR,74,2545,,,,86%,14%,-10.5,1.5,49,54,70,31,146,12,341,39,92
Theo Ratliff,ratlith01,2006,C,32,POR,55,1301,,,,1%,99%,-7.9,4.7,13,14,68,13,35,19,66,5,7
Zeljko Rebraca,rebraze01,2006,C,33,LAC,29,412,,,,14%,86%,-14.6,-18.4,4,4,32,7,15,6,19,1,6
Michael Redd,reddmi01,2006,SG,26,MIL,80,3130,,71%,29%,,,0.9,10.4,64,58,47,27,206,6,507,47,84
Justin Reed,reedju01,2006,SF,24,TOT,72,997,,1%,47%,51%,2%,-7.1,-5.8,18,13,78,12,54,26,90,7,42
Justin Reed,reedju01,2006,SF,24,BOS,32,291,,3%,73%,23%,2%,-12.6,-11.8,8,2,16,2,15,7,14,0,8
Justin Reed,reedju01,2006,SF,24,MIN,40,706,,,36%,62%,1%,-4.8,-3.2,10,11,62,10,39,19,76,7,34
Jason Richardson,richaja01,2006,SG,25,GSW,75,2877,1%,68%,31%,,,0.6,8.9,61,68,83,24,173,27,539,32,73
Quentin Richardson,richaqu01,2006,SF,25,NYK,55,1442,,41%,58%,1%,,-10.4,-5.2,35,10,69,7,44,13,191,7,35
Luke Ridnour,ridnolu01,2006,PG,24,SEA,79,2625,99%,1%,,,,-4.4,-3.5,108,38,80,3,59,16,1276,10,40
Anthony Roberson,roberan02,2006,PG,22,MEM,16,88,75%,25%,,,,3.0,-1.6,2,1,0,0,1,0,11,0,2
Lawrence Roberts,roberla01,2006,C,23,MEM,33,181,,,,39%,61%,2.1,-2.5,2,2,16,1,12,1,12,3,4
Bernard Robinson,robinbe01,2006,SF,25,CHA,66,1303,,14%,76%,9%,,-2.6,2.7,28,24,65,11,52,9,176,14,25
Clifford Robinson,robincl02,2006,PF,39,NJN,80,1863,,,,73%,27%,0.1,-2.5,31,18,128,7,26,10,206,3,13
Nate Robinson,robinna01,2006,PG,21,NYK,72,1544,100%,,,,,-2.5,7.3,57,24,66,17,78,24,313,13,44
Jalen Rose,roseja01,2006,SF-SG,33,TOT,72,1983,1%,24%,72%,3%,,-7.6,-3.6,41,36,72,26,108,9,421,25,38
Jalen Rose,roseja01,2006,SF,33,TOR,46,1236,,8%,88%,4%,,-5.3,-2.6,18,23,48,16,67,4,264,15,22
Jalen Rose,roseja01,2006,SG,33,NYK,26,747,2%,52%,46%,,,-11.3,-5.3,23,13,24,10,41,5,157,10,16
Malik Rose,rosema01,2006,PF,31,NYK,72,1119,,,19%,79%,2%,-12.1,-7.1,34,16,58,13,54,20,146,8,35
Quinton Ross,rossqu01,2006,SF,24,LAC,67,1515,,92%,8%,,,5.5,6.0,22,11,66,7,35,11,171,9,30
Michael Ruffin,ruffimi01,2006,C,29,WAS,76,1010,,,,46%,54%,-0.7,-3.6,12,11,92,11,26,18,60,4,10
Kareem Rush,rushka01,2006,SG,25,CHA,47,1111,,63%,36%,1%,,-8.2,-5.4,20,21,30,11,26,6,114,6,9
Bryon Russell,russebr01,2006,SF,35,DEN,1,3,,,,100%,,60.0,59.8,0,0,0,0,0,0,2,0,0
John Salmons,salmojo01,2006,SG,26,PHI,82,2059,10%,81%,9%,,,-4.5,-5.3,52,37,84,10,91,7,500,21,59
Jamal Sampson,sampsja01,2006,PF,22,SAC,12,39,,,,6%,94%,5.7,4.0,0,0,3,0,0,1,11,0,0
Melvin Sanders,sandeme01,2006,SG,25,SAS,16,113,,61%,39%,,,-5.3,-13.9,1,6,4,1,3,3,6,0,2
Brian Scalabrine,scalabr01,2006,PF,27,BOS,71,938,,,8%,76%,16%,-2.5,-1.2,22,8,53,10,14,10,117,2,6
Alex Scales,scaleal01,2006,SG,27,SAS,1,0,,100%,,,,,,0,0,0,0,0,0,0,0,0
Luke Schenscher,schenlu01,2006,C,23,CHI,20,149,,,,,100%,2.1,1.2,0,2,12,0,4,2,14,1,3
Ha Seung-Jin,seungha01,2006,C,20,POR,27,212,,,,,100%,-12.5,-1.5,1,4,25,4,8,1,3,3,2
Wayne Simien,simiewa01,2006,PF,22,MIA,43,414,,,,54%,46%,-4.2,-9.5,2,9,36,7,13,8,15,3,7
Bobby Simmons,simmobo01,2006,SF,25,MIL,75,2538,,,87%,13%,,0.5,4.8,36,22,98,40,66,16,381,10,49
James Singleton,singlja01,2006,SF,24,LAC,59,753,,4%,66%,30%,,-1.6,-4.2,16,4,62,6,21,8,63,3,12
Brian Skinner,skinnbr01,2006,PF-C,29,TOT,65,944,,,,10%,90%,-11.7,-7.4,10,11,64,16,24,1,70,4,11
Brian Skinner,skinnbr01,2006,PF,29,SAC,38,429,,,,19%,82%,-4.0,-6.5,3,5,29,7,10,1,40,3,7
Brian Skinner,skinnbr01,2006,C,29,POR,27,515,,,,3%,97%,-18.1,-8.2,7,6,35,9,14,0,30,1,4
Charles Smith,smithch04,2006,SG,30,TOT,22,210,,52%,48%,,,-4.0,7.4,1,0,9,2,4,0,20,2,5
Charles Smith,smithch04,2006,SG,30,POR,21,208,,52%,48%,,,-2.9,8.6,1,0,9,2,4,0,20,2,5
Charles Smith,smithch04,2006,SG,30,DEN,1,2,,100%,,,,-125.0,-125.3,0,0,0,0,0,0,0,0,0
Donta Smith,smithdo04,2006,SG,22,ATL,23,127,6%,79%,14%,,,5.9,11.6,2,1,12,0,3,1,19,2,1
J.R. Smith,smithjr01,2006,SG,20,NOK,55,989,,92%,8%,,,-6.6,-4.7,24,12,34,11,45,6,121,13,22
Joe Smith,smithjo02,2006,PF,30,MIL,44,887,,,,88%,12%,-1.0,0.3,10,15,71,12,50,29,71,10,20
Josh Smith,smithjo03,2006,SF,20,ATL,80,2559,,2%,81%,17%,,-6.1,-1.9,87,42,161,16,125,28,428,24,33
Eric Snow,snower01,2006,PG,32,CLE,82,2351,69%,31%,,,,3.4,2.0,85,15,101,6,35,25,768,5,30
Kirk Snyder,snydeki01,2006,SG,22,NOK,68,1310,6%,92%,3%,,,1.8,7.3,23,19,37,23,57,5,219,13,17
Darius Songaila,songada01,2006,PF,27,CHI,62,1329,,,,81%,19%,2.0,1.5,32,25,70,19,39,17,206,5,20
Pape Sow,sowpa01,2006,C,24,TOR,42,590,,,,56%,45%,-11.8,-9.7,4,6,60,8,28,9,16,7,19
Jerry Stackhouse,stackje01,2006,SG,31,DAL,55,1525,,46%,50%,3%,,3.4,-5.2,59,38,26,18,76,9,367,11,33
DeShawn Stevenson,stevede01,2006,SG,24,ORL,82,2648,,85%,15%,,,-4.5,-10.2,47,34,64,26,120,31,349,26,58
Peja Stojakovic,stojape01,2006,SF,28,TOT,71,2601,,1%,93%,7%,,1.5,0.0,32,45,77,14,84,4,308,18,37
Peja Stojakovic,stojape01,2006,SF,28,SAC,31,1147,,,96%,4%,,-3.6,-7.6,16,26,31,5,29,3,149,3,18
Peja Stojakovic,stojape01,2006,SF,28,IND,40,1454,,1%,90%,9%,,5.6,6.0,16,19,46,9,55,1,159,15,19
Awvee Storey,storeaw01,2006,SF,28,WAS,25,116,,29%,69%,1%,,8.8,7.1,3,2,8,0,4,0,9,0,1
Damon Stoudamire,stoudda01,2006,PG,32,MEM,27,862,100%,,,,,5.1,0.8,29,14,23,2,11,1,290,4,20
Salim Stoudamire,stoudsa01,2006,SG,23,ATL,61,1236,81%,19%,,,,-5.6,-0.3,36,25,47,8,34,11,165,8,20
Amar'e Stoudemire,stoudam01,2006,C,23,PHO,3,50,,,,7%,93%,-1.9,-8.0,0,0,2,1,5,0,4,1,4
Mike Sweetney,sweetmi01,2006,C,23,CHI,66,1222,,,,29%,72%,-2.0,-4.2,13,31,118,31,103,7,137,21,48
Robert Swift,swiftro01,2006,C,20,SEA,47,987,,,,1%,99%,-3.4,-0.2,9,21,72,13,42,9,21,11,25
Stromile Swift,swiftst01,2006,C,26,HOU,66,1344,,,,61%,39%,-3.9,-3.7,27,29,98,23,104,1,53,22,36
Wally Szczerbiak,szczewa02,2006,SF,28,TOT,72,2729,,,84%,15%,,0.1,3.3,55,33,65,24,116,19,482,30,54
Wally Szczerbiak,szczewa02,2006,SF,28,MIN,40,1555,,,79%,21%,,1.7,6.3,35,19,34,16,68,14,247,17,34
Wally Szczerbiak,szczewa02,2006,SF,28,BOS,32,1174,,1%,92%,7%,1%,-2.0,-0.5,20,14,31,8,48,5,235,13,20
Chris Taft,taftch01,2006,C,20,GSW,17,144,,,,4%,96%,4.4,6.4,1,0,13,1,3,0,4,0,2
Donell Taylor,taylodo01,2006,SG,23,WAS,51,465,3%,65%,32%,,,3.5,1.6,15,9,25,5,16,3,105,3,8
Maurice Taylor,tayloma01,2006,PF,29,NYK,67,1210,,,,85%,15%,-6.2,1.1,29,29,84,28,34,30,116,7,27
Sebastian Telfair,telfase01,2006,PG,20,POR,68,1641,100%,,,,,-11.4,-0.6,66,24,59,11,79,10,549,26,39
Jason Terry,terryja01,2006,PG,28,DAL,80,2798,93%,8%,,,,8.5,6.5,76,34,70,9,74,16,667,12,45
Billy Thomas,thomabi01,2006,SG,30,WAS,17,131,20%,52%,27%,,,-2.3,-4.5,4,1,8,1,0,0,20,0,0
Etan Thomas,thomaet01,2006,C,27,WAS,71,1121,,,,2%,98%,0.0,-2.8,4,26,86,10,51,9,30,9,32
James Thomas,thomaja02,2006,PF,25,TOT,22,150,,,6%,83%,11%,6.8,8.4,1,1,20,2,4,2,2,0,3
James Thomas,thomaja02,2006,PF,25,PHI,15,124,,,5%,89%,6%,4.3,6.4,1,1,18,2,4,2,2,0,2
James Thomas,thomaja02,2006,PF,25,CHI,7,26,,,9%,56%,35%,19.0,18.1,0,0,2,0,0,0,0,0,1
John Thomas,thomajo02,2006,C,30,TOT,16,127,,,,10%,90%,-3.6,-2.2,3,2,11,0,2,1,5,0,2
John Thomas,thomajo02,2006,C,30,MEM,3,25,,,,,100%,31.5,27.1,1,1,2,0,0,1,2,0,0
John Thomas,thomajo02,2006,C,30,ATL,11,66,,,,20%,80%,-17.1,-11.9,2,1,5,0,2,0,3,0,2
John Thomas,thomajo02,2006,C,30,NJN,2,36,,,,,100%,-3.3,-4.8,0,0,4,0,0,0,0,0,0
Kenny Thomas,thomake01,2006,PF,28,SAC,82,2293,,,3%,95%,2%,-0.6,-5.4,54,37,83,16,97,22,377,28,50
Kurt Thomas,thomaku01,2006,C,33,PHO,53,1411,,,,1%,99%,9.1,4.7,27,10,94,18,41,28,137,9,21
Tim Thomas,thomati01,2006,PF-SF,28,TOT,29,666,,,1%,14%,85%,0.6,-6.3,11,12,52,5,18,7,44,4,19
Tim Thomas,thomati01,2006,SF,28,CHI,3,32,,,27%,73%,,17.1,16.3,1,0,0,0,0,0,4,0,1
Tim Thomas,thomati01,2006,PF,28,PHO,26,634,,,,11%,89%,-0.2,-7.4,10,12,52,5,18,7,40,4,18
Dijon Thompson,thompdi01,2006,SG,22,PHO,10,43,24%,54%,22%,,,-11.0,-17.2,0,0,3,1,1,2,2,1,1
Jamaal Tinsley,tinslja01,2006,PG,27,IND,42,1122,85%,15%,,,,0.0,-2.4,74,15,34,16,37,3,475,8,28
Jake Tsakalidis,tsakaja01,2006,C,26,MEM,51,732,,,,,100%,9.6,6.3,12,15,53,4,42,1,30,11,19
Nikoloz Tskitishvili,tskitni01,2006,SF-PF,22,TOT,17,99,,3%,45%,47%,4%,-15.3,-20.5,1,4,4,0,6,0,6,2,2
Nikoloz Tskitishvili,tskitni01,2006,PF,22,MIN,5,13,,,,69%,31%,-42.0,-39.9,0,1,0,0,0,0,0,0,1
Nikoloz Tskitishvili,tskitni01,2006,SF,22,PHO,12,86,,4%,52%,44%,,-11.2,-17.6,1,3,4,0,6,0,6,2,1
Ronny Turiaf,turiaro01,2006,C,23,LAL,23,161,,,,40%,61%,-1.4,-4.0,1,2,15,1,9,2,21,1,4
Hedo Turkoglu,turkohe01,2006,SF,26,ORL,78,2615,,,90%,10%,,-1.3,-0.4,67,37,127,15,102,13,456,18,30
Ime Udoka,udokaim01,2006,SF,28,NYK,8,114,,59%,41%,,,-3.3,3.8,2,0,4,0,3,1,13,0,1
Beno Udrih,udrihbe01,2006,PG,23,SAS,54,586,75%,24%,1%,,,5.7,-2.9,29,17,26,2,17,7,208,4,18
Nick Van Exel,vanexni01,2006,PG,34,SAS,65,986,100%,,,,,0.0,-10.8,41,10,27,1,10,6,280,1,12
Keith Van Horn,vanhoke01,2006,SF,30,DAL,53,1090,,,30%,69%,1%,3.6,-4.2,20,16,49,16,41,13,85,2,24
Anderson Varejao,varejan01,2006,C,23,CLE,48,760,,,,18%,82%,8.4,7.2,7,8,63,5,55,32,42,15,11
Jacque Vaughn,vaughja01,2006,SG,30,NJN,80,1234,36%,62%,2%,,,-6.9,-12.1,27,11,58,2,33,14,280,7,10
Charlie Villanueva,villach01,2006,PF,21,TOR,81,2361,,,16%,62%,22%,-1.4,5.1,31,35,146,16,73,17,202,14,44
Jake Voskuhl,voskuja01,2006,C,28,CHA,51,818,,,,11%,89%,-1.8,3.3,12,7,79,8,19,14,84,4,9
Jackson Vroman,vromaja01,2006,PF,24,NOK,41,406,,,,86%,14%,2.4,6.1,9,4,30,5,20,10,22,2,11
Sasha Vujacic,vujacsa01,2006,PG,21,LAL,82,1449,72%,29%,,,,1.7,-1.3,23,13,39,3,15,25,322,1,15
Dwyane Wade,wadedw01,2006,SG,24,MIA,75,2892,2%,87%,12%,,,8.3,15.2,111,75,83,45,336,18,1167,70,67
Von Wafer,wafervo01,2006,SG,20,LAL,16,73,14%,84%,2%,,,-14.7,-17.5,0,1,9,0,3,3,9,0,4
Antoine Walker,walkean02,2006,PF,29,MIA,82,2199,,,33%,66%,,2.9,-3.2,59,47,83,20,58,7,361,19,38
Samaki Walker,walkesa01,2006,PF,29,IND,7,22,,,,55%,45%,-30.0,-31.9,0,0,2,1,0,0,0,0,1
Ben Wallace,wallabe01,2006,C,31,DET,82,2890,,,,2%,98%,11.8,13.8,44,21,89,7,111,49,349,26,23
Gerald Wallace,wallage01,2006,SF,23,CHA,55,1895,,1%,69%,29%,2%,-1.8,4.9,28,28,57,24,143,29,218,42,64
Rasheed Wallace,wallara01,2006,PF,31,DET,80,2780,,,,74%,26%,12.4,14.4,55,20,152,4,75,14,403,13,16
Matt Walsh,walshma01,2006,SG,23,MIA,2,3,100%,,,,,-144.4,-148.9,1,0,0,0,0,0,0,0,0
Luke Walton,waltolu01,2006,SF,25,LAL,69,1333,,2%,65%,34%,,2.6,0.2,46,13,56,8,23,5,339,5,21
Hakim Warrick,warriha01,2006,PF,23,MEM,68,724,,,5%,93%,3%,-5.0,-11.7,14,17,57,11,55,6,70,13,36
Earl Watson,watsoea01,2006,PG,26,TOT,70,1578,53%,47%,,,,5.1,7.8,82,30,62,15,36,13,640,14,19
Earl Watson,watsoea01,2006,PG,26,DEN,46,975,50%,50%,,,,4.8,6.0,47,17,37,8,18,7,350,6,10
Earl Watson,watsoea01,2006,PG,26,SEA,24,603,58%,42%,,,,5.6,10.6,35,13,25,7,18,6,290,8,9
Chris Webber,webbech01,2006,PF,32,PHI,75,2893,,,,81%,19%,-2.9,-3.3,80,56,104,24,136,4,556,27,54
Martell Webster,webstma02,2006,SF,19,POR,61,1070,,33%,55%,11%,,-15.1,-5.6,17,13,21,7,24,8,77,4,15
Bonzi Wells,wellsbo01,2006,SG,29,SAC,52,1684,4%,95%,1%,,,3.3,2.8,45,43,48,18,85,24,313,23,55
Jiri Welsch,welscji01,2006,SF,26,MIL,58,866,,17%,79%,4%,,-10.5,-11.9,14,16,24,8,32,12,135,3,14
David Wesley,wesleda01,2006,SG,35,HOU,71,2372,39%,60%,1%,,,-1.6,-0.1,76,20,100,14,58,15,460,9,25
David West,westda01,2006,PF,25,NOK,74,2526,,,,90%,10%,-3.7,-1.6,41,30,125,20,98,14,205,31,63
Delonte West,westde01,2006,PG,22,BOS,71,2418,97%,3%,,,,1.1,7.1,71,36,86,8,36,13,726,8,35
Robert Whaley,whalero01,2006,C,23,UTA,23,212,,,,22%,79%,-10.0,-7.1,3,5,27,4,2,2,34,0,6
Chris Wilcox,wilcoch01,2006,C-PF,23,TOT,77,1529,,,,72%,28%,1.4,3.1,28,17,103,17,72,4,111,20,25
Chris Wilcox,wilcoch01,2006,C,23,LAC,48,657,,,,39%,61%,6.1,5.1,9,8,52,11,29,3,38,12,8
Chris Wilcox,wilcoch01,2006,PF,23,SEA,29,872,,,1%,96%,3%,-2.1,1.5,19,9,51,6,43,1,73,8,17
Damien Wilkins,wilkida02,2006,SF,26,SEA,82,1525,,22%,76%,2%,,-5.3,-3.3,32,18,45,21,68,6,261,18,27
Mike Wilks,wilksmi01,2006,PG,26,TOT,47,348,100%,,,,,0.2,-0.9,12,6,12,0,12,6,78,1,11
Mike Wilks,wilksmi01,2006,PG,26,CLE,37,243,100%,,,,,-6.2,-9.4,7,4,10,0,1,3,44,0,9
Mike Wilks,wilksmi01,2006,PG,26,SEA,10,105,100%,,,,,15.1,18.9,5,2,2,0,11,3,34,1,2
Aaron Williams,williaa01,2006,C,34,TOT,48,791,,,,49%,52%,-3.4,0.0,6,10,74,10,26,6,37,6,17
Aaron Williams,williaa01,2006,C,34,TOR,14,99,,,,69%,31%,-16.4,-13.3,0,1,15,4,2,2,2,0,0
Aaron Williams,williaa01,2006,C,34,NOK,34,692,,,,46%,55%,-1.5,1.9,6,9,59,6,24,4,35,6,17
Alvin Williams,willial02,2006,PG,31,TOR,1,10,100%,,,,,-29.3,-25.9,0,0,0,0,1,0,0,0,0
Deron Williams,willide01,2006,PG,21,UTA,80,2307,70%,30%,,,,-3.1,0.3,75,49,120,12,48,31,777,9,63
Eric Williams,willier01,2006,SF,33,TOR,28,352,,2%,85%,12%,,-7.2,-4.1,4,6,31,3,19,4,33,1,1
Jason Williams,willija02,2006,PG,30,MIA,59,1874,100%,,,,,6.0,3.4,68,18,39,8,33,9,630,11,21
Lou Williams,willilo02,2006,PG,19,PHI,30,145,100%,1%,,,,-7.5,-5.7,4,4,5,2,8,1,22,3,8
Marvin Williams,willima02,2006,PF,19,ATL,79,1952,,,1%,71%,28%,-2.4,6.0,29,22,127,14,120,12,135,23,56
Mo Williams,willima01,2006,PG,23,MIL,58,1531,61%,39%,,,,-3.6,-3.9,63,22,60,8,40,28,514,10,27
Corliss Williamson,willico02,2006,SF,32,SAC,37,362,,2%,42%,55%,,4.0,2.5,14,6,31,6,21,4,32,1,7
Loren Woods,woodslo01,2006,C,27,TOR,27,324,,,,,100%,-1.6,2.0,4,3,24,5,7,4,10,2,4
Qyntel Woods,woodsqy01,2006,SF,24,NYK,49,1013,,4%,94%,2%,,-5.1,2.6,29,11,54,11,35,2,108,10,14
Metta World Peace,artesro01,2006,SF,26,TOT,56,2207,,,94%,5%,,7.9,9.2,44,34,49,24,132,18,478,31,62
Metta World Peace,artesro01,2006,SF,26,IND,16,603,,,89%,11%,,9.4,9.0,11,7,11,12,52,5,84,10,20
Metta World Peace,artesro01,2006,SF,26,SAC,40,1604,,1%,96%,3%,,7.3,9.3,33,27,38,12,80,13,394,21,42
Antoine Wright,wrighan01,2006,SG,21,NJN,39,370,,42%,57%,1%,,-7.9,-10.3,9,5,15,4,8,5,26,0,7
Bracey Wright,wrighbr02,2006,SG,21,MIN,7,135,25%,72%,3%,,,-2.4,-0.3,3,3,4,2,7,0,10,0,3
Dorell Wright,wrighdo01,2006,SF,20,MIA,20,132,,21%,78%,1%,,-21.3,-26.5,7,4,7,0,9,0,18,2,3
Lorenzen Wright,wrighlo02,2006,C,30,MEM,78,1689,,,,1%,99%,4.9,0.6,23,20,94,16,60,9,114,17,44
Derrick Zimmerman,zimmede01,2006,PG,24,NJN,2,32,100%,,,,,-16.9,-18.4,2,2,2,0,0,0,18,0,0
