Player,PlayerID,Year,Pos,Age,Tm,G,GS,MP,FG,FGA,FG%,3P,3PA,3P%,2P,2PA,2P%,eFG%,FT,FTA,FT%,ORB,DRB,TRB,AST,STL,BLK,TOV,PF,PTS
Precious Achiuwa,achiupr01,2022,C,22,TOR,17,13,426,59,147,.401,7,21,.333,52,126,.413,.425,16,29,.552,35,102,137,28,9,10,17,39,141
Steven Adams,adamsst01,2022,C,28,MEM,19,19,465,48,96,.500,0,0,,48,96,.500,.500,32,46,.696,67,81,148,52,15,13,28,32,128
Bam Adebayo,adebaba01,2022,C,24,MIA,16,16,524,111,215,.516,0,1,.000,111,214,.519,.516,82,106,.774,42,121,163,45,19,6,47,52,304
Santi Aldama,aldamsa01,2022,PF,21,MEM,8,0,59,10,26,.385,2,12,.167,8,14,.571,.423,3,5,.600,5,9,14,7,0,0,0,6,25
LaMarcus Aldridge,aldrila01,2022,C,36,BRK,18,1,392,104,181,.575,9,23,.391,95,158,.601,.599,28,36,.778,29,78,107,16,6,21,12,30,245
Nickeil Alexander-Walker,alexani01,2022,SG,23,NOP,21,18,620,113,299,.378,44,144,.306,69,155,.445,.452,34,44,.773,24,70,94,54,21,9,32,39,304
Grayson Allen,allengr01,2022,SG,26,MIL,20,20,574,95,213,.446,65,154,.422,30,59,.508,.599,28,31,.903,11,67,78,26,12,5,13,33,283
Jarrett Allen,allenja01,2022,C,23,CLE,16,16,528,100,146,.685,1,4,.250,99,142,.697,.688,43,69,.623,55,124,179,28,17,14,33,27,244
Jose Alvarado,alvarjo01,2022,PG,23,NOP,5,0,26,3,9,.333,1,4,.250,2,5,.400,.389,0,0,,1,2,3,3,2,0,0,3,7
Kyle Anderson,anderky01,2022,PF,28,MEM,19,2,417,61,143,.427,17,47,.362,44,96,.458,.486,13,17,.765,20,80,100,46,16,8,18,28,152
Giannis Antetokounmpo,antetgi01,2022,PF,27,MIL,19,19,616,181,348,.520,23,81,.284,158,267,.592,.553,129,191,.675,32,191,223,114,22,35,56,56,514
Thanasis Antetokounmpo,antetth01,2022,SF,29,MIL,17,5,230,25,54,.463,0,5,.000,25,49,.510,.463,10,17,.588,19,38,57,14,9,2,11,32,60
Carmelo Anthony,anthoca01,2022,PF,37,LAL,21,3,620,108,241,.448,61,139,.439,47,102,.461,.575,39,48,.813,13,67,80,17,16,15,17,54,316
Cole Anthony,anthoco01,2022,PG,21,ORL,16,16,545,107,257,.416,45,123,.366,62,134,.463,.504,55,64,.859,9,99,108,94,18,4,47,41,314
OG Anunoby,anunoog01,2022,SF,24,TOR,15,15,560,114,265,.430,41,112,.366,73,153,.477,.508,33,40,.825,24,57,81,41,23,9,25,41,302
D.J. Augustin,augusdj01,2022,PG,34,HOU,16,0,200,17,45,.378,12,33,.364,5,12,.417,.511,14,15,.933,2,11,13,30,3,0,20,9,60
Deni Avdija,avdijde01,2022,SF,21,WAS,19,0,418,41,96,.427,14,44,.318,27,52,.519,.500,20,31,.645,16,85,101,25,12,16,12,37,116
Joel Ayayi,ayayijo01,2022,SG,21,WAS,3,0,6,0,0,,0,0,,0,0,,,0,0,,0,1,1,2,0,0,0,0,0
Deandre Ayton,aytonde01,2022,C,23,PHO,13,13,391,95,148,.642,1,5,.200,94,143,.657,.645,15,25,.600,42,113,155,17,12,8,22,37,206
Udoka Azubuike,azubuud01,2022,C,22,UTA,4,0,8,1,1,1.000,0,0,,1,1,1.000,1.000,0,0,,1,3,4,0,0,0,1,0,2
Marvin Bagley III,baglema01,2022,PF,22,SAC,7,0,121,17,35,.486,4,13,.308,13,22,.591,.543,4,8,.500,9,29,38,6,0,1,6,7,42
LaMelo Ball,ballla01,2022,PG,20,CHO,21,21,686,150,360,.417,57,150,.380,93,210,.443,.496,51,57,.895,30,132,162,163,40,8,66,63,408
Lonzo Ball,balllo01,2022,PG,24,CHI,20,20,696,91,217,.419,60,135,.444,31,82,.378,.558,6,8,.750,16,86,102,92,38,15,45,48,248
Mo Bamba,bambamo01,2022,C,23,ORL,20,20,593,85,189,.450,28,83,.337,57,106,.538,.524,17,24,.708,50,131,181,36,18,40,30,55,215
Desmond Bane,banede01,2022,SF,23,MEM,19,19,548,113,243,.465,46,123,.374,67,120,.558,.560,22,24,.917,10,63,73,37,16,6,26,47,294
Dalano Banton,bantoda01,2022,SF,22,TOR,20,0,267,38,75,.507,5,15,.333,33,60,.550,.540,18,24,.750,10,34,44,29,9,5,23,31,99
Harrison Barnes,barneha02,2022,PF,29,SAC,19,19,665,110,230,.478,37,93,.398,73,137,.533,.559,104,123,.846,26,110,136,46,19,3,39,27,361
Scottie Barnes,barnesc01,2022,PF,20,TOR,18,18,633,110,225,.489,5,19,.263,105,206,.510,.500,43,59,.729,53,97,150,60,19,10,37,47,268
RJ Barrett,barrerj01,2022,SF,21,NYK,19,19,617,100,258,.388,33,103,.320,67,155,.432,.452,43,60,.717,11,102,113,43,9,6,35,43,276
Will Barton,bartowi01,2022,SG,31,DEN,17,17,571,109,241,.452,41,109,.376,68,132,.515,.537,18,27,.667,11,80,91,73,18,8,29,20,277
Charles Bassey,bassech01,2022,PF,21,PHI,10,0,81,12,18,.667,0,3,.000,12,15,.800,.667,5,7,.714,10,19,29,2,1,7,3,11,29
Keita Bates-Diop,bateske01,2022,SF,26,SAS,14,3,193,19,42,.452,1,10,.100,18,32,.563,.464,4,4,1.000,10,35,45,3,5,6,9,7,43
Nicolas Batum,batumni01,2022,PF,33,LAC,14,13,386,50,96,.521,32,73,.438,18,23,.783,.688,5,10,.500,7,70,77,21,16,11,11,17,137
Kent Bazemore,bazemke01,2022,SF,32,LAL,16,13,344,26,79,.329,12,42,.286,14,37,.378,.405,10,13,.769,4,30,34,14,16,5,8,42,74
Darius Bazley,bazleda01,2022,PF,21,OKC,19,19,541,67,187,.358,21,75,.280,46,112,.411,.414,21,36,.583,19,111,130,28,12,22,27,16,176
Bradley Beal,bealbr01,2022,SG,28,WAS,16,16,573,140,327,.428,29,108,.269,111,219,.507,.472,60,64,.938,14,70,84,93,16,6,64,37,369
Malik Beasley,beaslma01,2022,SG,25,MIN,19,0,484,71,204,.348,50,150,.333,21,54,.389,.471,11,16,.688,7,45,52,30,14,3,11,20,203
DeAndre' Bembry,bembrde01,2022,SF,27,BRK,18,3,334,38,73,.521,7,17,.412,31,56,.554,.568,9,15,.600,10,40,50,19,17,8,13,41,92
Davis Bertans,bertada01,2022,PF,29,WAS,9,0,153,14,51,.275,11,41,.268,3,10,.300,.382,12,12,1.000,3,14,17,5,2,0,4,15,51
Patrick Beverley,beverpa01,2022,PG,33,MIN,16,12,406,49,107,.458,19,56,.339,30,51,.588,.547,12,17,.706,23,47,70,72,14,16,19,50,129
Saddiq Bey,beysa01,2022,SF,22,DET,19,19,617,95,258,.368,37,123,.301,58,135,.430,.440,28,39,.718,39,79,118,47,18,4,26,32,255
Khem Birch,birchkh01,2022,C,29,TOR,15,3,344,40,80,.500,0,6,.000,40,74,.541,.500,24,33,.727,48,37,85,20,15,7,9,27,104
Goga Bitadze,bitadgo01,2022,C,22,IND,14,0,127,14,47,.298,4,23,.174,10,24,.417,.340,10,15,.667,16,18,34,3,9,9,5,25,42
Nemanja Bjelica,bjeline01,2022,C,33,GSW,19,0,273,44,96,.458,18,48,.375,26,48,.542,.552,17,21,.810,17,58,75,30,15,6,22,20,123
Eric Bledsoe,bledser01,2022,PG,32,LAC,19,19,534,69,170,.406,16,62,.258,53,108,.491,.453,31,36,.861,12,66,78,69,27,10,43,35,185
Bogdan Bogdanovic,bogdabo01,2022,SG,29,ATL,19,19,553,88,195,.451,43,108,.398,45,87,.517,.562,11,14,.786,7,63,70,48,12,4,18,38,230
Bojan Bogdanovic,bogdabo02,2022,PF,32,UTA,19,19,572,111,239,.464,48,118,.407,63,121,.521,.565,61,66,.924,16,65,81,33,9,1,31,23,331
Bol Bol,bolbo01,2022,PF,22,DEN,9,0,46,7,15,.467,0,3,.000,7,12,.583,.467,1,3,.333,2,12,14,2,1,2,0,3,15
Leandro Bolmaro,bolmale01,2022,SF,21,MIN,8,0,30,4,11,.364,1,5,.200,3,6,.500,.409,3,3,1.000,4,7,11,3,0,0,5,3,12
Isaac Bonga,bongais01,2022,SF,22,TOR,4,0,8,1,2,.500,0,1,.000,1,1,1.000,.500,0,0,,1,1,2,2,1,0,0,1,2
Devin Booker,bookede01,2022,SG,25,PHO,19,19,629,167,366,.456,46,116,.397,121,250,.484,.519,68,81,.840,17,83,100,89,18,5,53,43,448
Brandon Boston Jr.,bostobr01,2022,SG,20,LAC,7,0,55,7,21,.333,2,6,.333,5,15,.333,.381,4,5,.800,0,7,7,3,4,1,2,2,20
Chris Boucher,bouchch01,2022,PF,29,TOR,19,0,265,43,113,.381,10,50,.200,33,63,.524,.425,16,24,.667,27,51,78,6,11,14,11,25,112
James Bouknight,bouknja01,2022,SG,21,CHO,7,0,12,0,6,.000,0,1,.000,0,5,.000,.000,2,2,1.000,1,1,2,2,0,0,0,1,2
Avery Bradley,bradlav01,2022,SG,31,LAL,20,15,449,40,100,.400,22,59,.373,18,41,.439,.510,2,2,1.000,10,42,52,17,11,4,12,29,104
Tony Bradley,bradlto01,2022,C,24,CHI,17,7,222,29,52,.558,0,0,,29,52,.558,.558,4,5,.800,25,46,71,7,1,10,12,25,62
Ignas Brazdeikis,brazdig01,2022,SF,23,ORL,10,0,86,7,27,.259,3,16,.188,4,11,.364,.315,1,2,.500,5,12,17,5,2,0,3,10,18
Mikal Bridges,bridgmi01,2022,SF,25,PHO,19,19,642,100,183,.546,27,67,.403,73,116,.629,.620,18,22,.818,12,61,73,36,20,12,13,44,245
Miles Bridges,bridgmi02,2022,PF,23,CHO,21,21,764,156,350,.446,47,144,.326,109,206,.529,.513,65,86,.756,30,127,157,70,29,19,35,60,424
Oshae Brissett,brissos01,2022,SF,23,IND,11,0,126,14,36,.389,5,17,.294,9,19,.474,.458,1,5,.200,4,20,24,4,2,2,8,10,34
Malcolm Brogdon,brogdma01,2022,PG,29,IND,16,16,561,119,259,.459,33,97,.340,86,162,.531,.523,60,68,.882,16,80,96,99,11,11,41,35,331
Armoni Brooks,brookar01,2022,SG,23,HOU,14,0,132,19,54,.352,15,44,.341,4,10,.400,.491,7,8,.875,3,13,16,6,6,1,3,12,60
Dillon Brooks,brookdi01,2022,SF,26,MEM,6,5,151,39,94,.415,11,31,.355,28,63,.444,.473,20,23,.870,5,14,19,15,5,1,11,21,109
Bruce Brown,brownbr01,2022,SF,25,BRK,16,14,408,54,113,.478,7,22,.318,47,91,.516,.509,9,12,.750,16,51,67,19,24,9,11,36,124
Greg Brown III,browngr01,2022,SF,20,POR,7,0,34,7,18,.389,0,4,.000,7,14,.500,.389,2,5,.400,4,8,12,4,2,3,2,5,16
Jaylen Brown,brownja02,2022,SF,25,BOS,11,11,366,92,196,.469,29,79,.367,63,117,.538,.543,40,51,.784,4,57,61,23,13,6,28,33,253
Moses Brown,brownmo01,2022,C,22,DAL,6,0,18,2,2,1.000,0,0,,2,2,1.000,1.000,2,6,.333,1,4,5,0,0,2,0,2,6
Sterling Brown,brownst02,2022,SG,26,DAL,15,0,177,12,43,.279,7,30,.233,5,13,.385,.360,4,4,1.000,9,35,44,10,6,2,9,18,35
Troy Brown Jr.,browntr01,2022,SF,22,CHI,13,0,124,18,42,.429,7,20,.350,11,22,.500,.512,2,4,.500,3,18,21,6,2,0,3,10,45
Jalen Brunson,brunsja01,2022,PG,25,DAL,17,5,496,100,203,.493,19,56,.339,81,147,.551,.539,37,46,.804,8,67,75,90,15,1,27,31,256
Reggie Bullock,bullore01,2022,SF,30,DAL,16,2,362,36,99,.364,19,67,.284,17,32,.531,.460,3,5,.600,4,43,47,12,5,1,8,23,94
Trey Burke,burketr01,2022,PG,29,DAL,8,0,84,15,36,.417,5,12,.417,10,24,.417,.486,8,9,.889,0,6,6,7,4,0,7,4,43
Alec Burks,burksal01,2022,SG,30,NYK,19,0,407,59,138,.428,37,84,.440,22,54,.407,.562,31,38,.816,6,63,69,33,20,6,12,38,186
Jared Butler,butleja02,2022,SG,21,UTA,12,0,54,6,24,.250,3,14,.214,3,10,.300,.313,2,4,.500,0,7,7,7,1,6,7,11,17
Jimmy Butler,butleji01,2022,SF,32,MIA,16,16,546,129,245,.527,6,26,.231,123,219,.562,.539,119,140,.850,26,69,95,85,31,5,32,27,383
Kentavious Caldwell-Pope,caldwke01,2022,SG,28,WAS,19,19,563,69,167,.413,40,106,.377,29,61,.475,.533,21,25,.840,10,60,70,28,26,7,21,31,199
Facundo Campazzo,campafa01,2022,PG,30,DEN,18,0,315,32,78,.410,19,53,.358,13,25,.520,.532,15,18,.833,6,26,32,37,17,4,20,33,98
Vlatko Cancar,cancavl01,2022,PF,24,DEN,2,0,18,3,4,.750,2,2,1.000,1,2,.500,1.000,3,4,.750,1,0,1,4,1,0,1,1,11
Clint Capela,capelca01,2022,C,27,ATL,20,20,587,106,178,.596,0,1,.000,106,177,.599,.596,26,50,.520,77,168,245,24,20,27,12,52,238
Vernon Carey Jr.,careyve01,2022,C,20,CHO,1,0,1,0,1,.000,0,0,,0,1,.000,.000,0,0,,0,1,1,0,0,0,0,0,0
Jevon Carter,carteje01,2022,PG,26,BRK,19,1,279,21,73,.288,18,57,.316,3,16,.188,.411,3,4,.750,4,29,33,24,8,6,6,28,63
Wendell Carter Jr.,cartewe01,2022,C,22,ORL,20,20,561,100,196,.510,31,78,.397,69,118,.585,.589,29,44,.659,41,147,188,47,13,14,29,53,260
Alex Caruso,carusal01,2022,PG,27,CHI,19,5,560,50,121,.413,17,55,.309,33,66,.500,.483,30,34,.882,15,58,73,75,45,8,25,56,147
Willie Cauley-Stein,caulewi01,2022,C,28,DAL,17,1,167,14,29,.483,1,2,.500,13,27,.481,.500,1,2,.500,10,25,35,9,6,1,5,14,30
Justin Champagnie,champju01,2022,SF,20,TOR,8,0,29,2,7,.286,0,0,,2,7,.286,.286,2,2,1.000,5,4,9,1,0,0,0,5,6
Chris Chiozza,chiozch01,2022,PG,26,GSW,8,0,79,9,25,.360,7,19,.368,2,6,.333,.500,1,1,1.000,1,6,7,10,5,0,6,9,26
Josh Christopher,chrisjo01,2022,SG,20,HOU,11,0,84,13,34,.382,3,8,.375,10,26,.385,.426,4,6,.667,2,8,10,11,6,0,7,5,33
Brandon Clarke,clarkbr01,2022,PF,25,MEM,16,0,257,49,83,.590,0,8,.000,49,75,.653,.590,17,25,.680,30,40,70,22,6,12,6,28,115
Jordan Clarkson,clarkjo01,2022,SG,29,UTA,19,0,471,99,272,.364,46,171,.269,53,101,.525,.449,36,42,.857,13,45,58,41,13,5,28,29,280
Nicolas Claxton,claxtni01,2022,C,22,BRK,4,3,76,11,20,.550,0,0,,11,20,.550,.550,4,9,.444,3,19,22,3,0,4,3,5,26
Amir Coffey,coffeam01,2022,SG,24,LAC,14,2,173,10,34,.294,8,27,.296,2,7,.286,.412,16,17,.941,3,18,21,11,1,2,5,12,44
John Collins,collijo01,2022,PF,24,ATL,20,20,635,132,229,.576,20,52,.385,112,177,.633,.620,52,66,.788,35,123,158,44,15,24,22,55,336
Mike Conley,conlemi01,2022,PG,34,UTA,17,17,486,85,172,.494,43,99,.434,42,73,.575,.619,24,28,.857,4,30,34,93,20,5,31,33,237
Pat Connaughton,connapa01,2022,SG,29,MIL,20,8,577,87,176,.494,54,127,.425,33,49,.673,.648,13,19,.684,17,84,101,30,19,8,21,30,241
Tyler Cook,cookty01,2022,PF,24,CHI,1,0,12,2,3,.667,0,0,,2,3,.667,.667,2,2,1.000,0,2,2,2,0,0,1,1,6
Sharife Cooper,coopesh01,2022,PG,20,ATL,5,0,11,1,4,.250,0,2,.000,1,2,.500,.250,0,0,,0,0,0,4,0,0,1,0,2
Petr Cornelie,cornepe01,2022,PF,26,DEN,5,0,21,2,7,.286,0,4,.000,2,3,.667,.286,0,0,,5,3,8,3,0,0,2,3,4
Robert Covington,covinro01,2022,PF,31,POR,20,20,538,49,116,.422,35,92,.380,14,24,.583,.573,3,3,1.000,8,84,92,25,22,21,18,39,136
Torrey Craig,craigto01,2022,SF,31,IND,21,0,372,51,99,.515,13,45,.289,38,54,.704,.581,17,22,.773,29,52,81,21,10,7,13,40,132
Jae Crowder,crowdja01,2022,PF,31,PHO,19,19,527,57,148,.385,34,100,.340,23,48,.479,.500,20,24,.833,8,80,88,26,24,10,16,44,168
Jarrett Culver,culveja01,2022,SG,22,MEM,5,0,40,8,14,.571,2,6,.333,6,8,.750,.643,4,6,.667,1,4,5,4,1,0,2,0,22
Cade Cunningham,cunnica01,2022,PG,20,DET,14,14,435,65,196,.332,24,101,.238,41,95,.432,.393,26,30,.867,15,72,87,70,19,6,47,35,180
Seth Curry,curryse01,2022,SG,31,PHI,17,17,565,97,193,.503,37,90,.411,60,103,.583,.598,39,42,.929,9,43,52,43,14,2,30,36,270
Stephen Curry,curryst01,2022,PG,33,GSW,18,18,615,167,362,.461,98,235,.417,69,127,.543,.597,79,84,.940,10,95,105,124,29,10,59,32,511
Anthony Davis,davisan02,2022,C,28,LAL,20,20,713,191,374,.511,7,42,.167,184,332,.554,.520,96,131,.733,62,141,203,62,25,45,42,48,485
Ed Davis,davised01,2022,C,32,CLE,6,2,67,6,9,.667,0,0,,6,9,.667,.667,1,2,.500,4,22,26,1,2,3,2,7,13
Terence Davis,daviste02,2022,SG,24,SAC,12,1,169,24,78,.308,10,48,.208,14,30,.467,.372,4,6,.667,3,18,21,9,7,1,7,23,62
Gabriel Deck,deckga01,2022,PF,26,OKC,5,0,23,4,7,.571,1,2,.500,3,5,.600,.643,0,0,,1,2,3,1,1,0,1,0,9
Dewayne Dedmon,dedmode01,2022,C,32,MIA,19,3,270,37,64,.578,3,4,.750,34,60,.567,.602,24,30,.800,29,64,93,8,6,6,14,41,101
Sam Dekker,dekkesa01,2022,PF,27,TOR,1,0,1,0,0,,0,0,,0,0,,,0,0,,0,0,0,0,0,0,0,0,0
DeMar DeRozan,derozde01,2022,SF,32,CHI,20,20,695,179,374,.479,19,52,.365,160,322,.497,.504,137,152,.901,13,90,103,85,19,8,41,42,514
Hamidou Diallo,diallha01,2022,SG,23,DET,13,1,188,34,65,.523,3,13,.231,31,52,.596,.546,11,12,.917,15,24,39,9,9,7,9,22,82
Gorgui Dieng,dienggo01,2022,C,32,ATL,19,0,159,15,40,.375,4,17,.235,11,23,.478,.425,9,14,.643,19,47,66,13,5,5,11,22,43
Spencer Dinwiddie,dinwisp01,2022,PG,28,WAS,17,17,504,85,210,.405,35,97,.361,50,113,.442,.488,44,48,.917,11,75,86,92,5,3,29,34,249
Luka Doncic,doncilu01,2022,PG,22,DAL,14,14,493,130,300,.433,36,115,.313,94,185,.508,.493,54,78,.692,10,107,117,112,18,10,60,33,350
Luguentz Dort,dortlu01,2022,SF,22,OKC,18,18,594,108,250,.432,42,131,.321,66,119,.555,.516,54,63,.857,15,64,79,34,14,4,30,52,312
Ayo Dosunmu,dosunay01,2022,SG,22,CHI,19,0,316,46,99,.465,16,37,.432,30,62,.484,.545,7,11,.636,9,31,40,17,8,3,15,24,115
Devon Dotson,dotsode01,2022,PG,22,CHI,2,0,13,1,3,.333,0,2,.000,1,1,1.000,.333,0,0,,0,5,5,3,0,0,1,2,2
Sekou Doumbouya,doumbse01,2022,PF,21,LAL,2,0,16,5,8,.625,1,2,.500,4,6,.667,.688,3,4,.750,2,4,6,0,3,2,2,1,14
Jeff Dowtin,dowtije01,2022,PG,24,GSW,2,0,6,0,1,.000,0,0,,0,1,.000,.000,0,0,,0,2,2,0,0,0,0,1,0
PJ Dozier,doziepj01,2022,SG,25,DEN,18,0,340,36,99,.364,15,48,.313,21,51,.412,.439,10,13,.769,14,49,63,29,11,6,13,33,97
Goran Dragic,dragigo01,2022,PG,35,TOR,5,2,90,13,34,.382,4,14,.286,9,20,.450,.441,10,10,1.000,2,12,14,9,5,1,1,8,40
Andre Drummond,drumman01,2022,C,28,PHI,18,10,414,50,112,.446,0,1,.000,50,111,.450,.446,25,43,.581,61,140,201,41,19,20,33,51,125
Chris Duarte,duartch01,2022,SG,24,IND,19,15,562,100,239,.418,37,103,.359,63,136,.463,.496,15,22,.682,10,71,81,37,16,3,33,37,252
Kevin Durant,duranke01,2022,PF,33,BRK,18,18,631,185,333,.556,33,83,.398,152,250,.608,.605,102,119,.857,9,127,136,95,10,11,53,24,505
Anthony Edwards,edwaran01,2022,SG,20,MIN,19,19,675,158,364,.434,60,168,.357,98,196,.500,.516,46,62,.742,31,94,125,63,27,13,64,48,422
Kessler Edwards,edwarke02,2022,F,21,BRK,2,0,12,3,6,.500,2,4,.500,1,2,.500,.667,0,0,,1,2,3,0,0,0,1,0,8
CJ Elleby,ellebcj01,2022,SF,21,POR,8,0,42,4,13,.308,1,6,.167,3,7,.429,.346,0,0,,1,11,12,3,0,0,3,5,9
Wayne Ellington,ellinwa01,2022,SG,34,LAL,13,1,263,28,72,.389,26,67,.388,2,5,.400,.569,4,4,1.000,3,20,23,8,2,1,6,10,86
Joel Embiid,embiijo01,2022,C,27,PHI,9,9,278,60,138,.435,13,33,.394,47,105,.448,.482,60,77,.779,16,70,86,36,8,13,27,20,193
Drew Eubanks,eubandr01,2022,C,24,SAS,18,8,282,40,76,.526,0,4,.000,40,72,.556,.526,30,38,.789,24,62,86,28,8,15,23,30,110
Tacko Fall,fallta01,2022,C,26,CLE,7,0,19,1,2,.500,0,0,,1,2,.500,.500,1,4,.250,1,4,5,0,0,1,1,0,3
Derrick Favors,favorde01,2022,C,30,OKC,16,8,267,41,84,.488,2,8,.250,39,76,.513,.500,8,14,.571,24,56,80,6,8,2,5,20,92
Bruno Fernando,fernabr01,2022,C,23,BOS,7,0,13,0,0,,0,0,,0,0,,,0,0,,0,1,1,1,0,1,2,2,0
Dorian Finney-Smith,finnedo01,2022,PF,28,DAL,17,17,539,55,136,.404,28,84,.333,27,52,.519,.507,13,21,.619,31,49,80,20,25,9,18,40,151
Malik Fitts,fittsma01,2022,PF,24,UTA,3,0,7,0,0,,0,0,,0,0,,,0,0,,0,2,2,0,0,0,0,0,0
Malachi Flynn,flynnma01,2022,PG,23,TOR,14,0,100,12,34,.353,4,14,.286,8,20,.400,.412,2,4,.500,4,12,16,11,7,1,2,10,30
Bryn Forbes,forbebr01,2022,SG,28,SAS,18,0,241,39,89,.438,18,47,.383,21,42,.500,.539,6,8,.750,1,18,19,10,6,1,15,13,102
Trent Forrest,forretr01,2022,PG,23,UTA,13,0,92,6,10,.600,0,1,.000,6,9,.667,.600,4,4,1.000,2,9,11,6,3,0,5,8,16
Evan Fournier,fournev01,2022,SG,29,NYK,19,19,545,87,214,.407,47,123,.382,40,91,.440,.516,21,27,.778,11,47,58,34,17,4,24,30,242
De'Aaron Fox,foxde01,2022,PG,24,SAC,20,20,706,157,363,.433,22,88,.250,135,275,.491,.463,77,106,.726,13,56,69,115,25,9,62,58,413
Daniel Gafford,gaffoda01,2022,C,23,WAS,16,16,325,58,90,.644,0,0,,58,90,.644,.644,18,28,.643,29,53,82,13,10,33,17,38,134
Danilo Gallinari,gallida01,2022,PF,33,ATL,17,0,342,43,107,.402,21,55,.382,22,52,.423,.500,30,33,.909,11,52,63,20,10,4,8,19,137
Darius Garland,garlada01,2022,PG,22,CLE,17,17,586,116,259,.448,43,124,.347,73,135,.541,.531,35,41,.854,7,36,43,116,22,1,62,28,310
Marcus Garrett,garrema01,2022,SG,23,MIA,4,0,10,0,1,.000,0,0,,0,1,.000,.000,0,0,,0,1,1,2,0,0,0,1,0
Usman Garuba,garubus01,2022,PF,19,HOU,7,0,45,5,14,.357,2,8,.250,3,6,.500,.429,0,0,,6,12,18,6,2,4,2,4,12
Luka Garza,garzalu01,2022,C,23,DET,11,2,128,17,38,.447,5,14,.357,12,24,.500,.513,8,10,.800,11,15,26,7,5,1,3,19,47
Rudy Gay,gayru01,2022,PF,35,UTA,5,0,86,18,31,.581,10,18,.556,8,13,.615,.742,3,4,.750,2,20,22,4,0,2,4,6,49
Paul George,georgpa01,2022,SF,31,LAC,19,19,675,178,418,.426,55,167,.329,123,251,.490,.492,76,85,.894,9,136,145,99,36,9,75,49,487
Taj Gibson,gibsota01,2022,C,36,NYK,10,0,202,14,29,.483,0,3,.000,14,26,.538,.483,7,8,.875,21,30,51,8,4,14,9,34,35
Josh Giddey,giddejo01,2022,SG,19,OKC,19,19,562,85,211,.403,18,65,.277,67,146,.459,.445,17,26,.654,31,107,138,109,19,11,53,33,205
Shai Gilgeous-Alexander,gilgesh01,2022,PG,23,OKC,17,17,593,119,295,.403,36,117,.308,83,178,.466,.464,68,85,.800,10,79,89,79,18,8,43,37,342
Anthony Gill,gillan01,2022,PF,29,WAS,5,0,31,5,8,.625,2,2,1.000,3,6,.500,.750,0,0,,4,5,9,1,0,2,1,3,12
Rudy Gobert,goberru01,2022,C,29,UTA,19,19,601,103,141,.730,0,1,.000,103,140,.736,.730,85,127,.669,57,224,281,16,18,42,36,50,291
Aaron Gordon,gordoaa01,2022,PF,26,DEN,19,19,598,101,196,.515,18,52,.346,83,144,.576,.561,38,50,.760,39,78,117,41,11,16,29,40,258
Eric Gordon,gordoer01,2022,SG,33,HOU,15,4,431,68,150,.453,31,74,.419,37,76,.487,.557,26,38,.684,3,30,33,32,10,10,31,14,193
Devonte' Graham,grahade01,2022,PG,26,NOP,18,18,565,89,232,.384,52,144,.361,37,88,.420,.496,36,46,.783,13,33,46,87,21,4,36,28,266
Jerami Grant,grantje01,2022,PF,27,DET,18,18,588,113,283,.399,32,102,.314,81,181,.448,.456,85,103,.825,17,68,85,42,23,17,32,38,343
Danny Green,greenda02,2022,SF,34,PHI,12,10,280,32,67,.478,25,58,.431,7,9,.778,.664,4,4,1.000,7,22,29,12,19,10,11,24,93
Draymond Green,greendr01,2022,PF,31,GSW,18,18,540,58,103,.563,6,19,.316,52,84,.619,.592,25,41,.610,22,122,144,141,20,17,54,47,147
Jalen Green,greenja05,2022,SG,19,HOU,18,18,555,87,228,.382,32,115,.278,55,113,.487,.452,46,57,.807,7,49,56,42,11,4,49,28,252
JaMychal Green,greenja01,2022,PF,31,DEN,19,4,284,41,95,.432,9,42,.214,32,53,.604,.479,14,18,.778,20,49,69,16,16,7,25,45,105
Javonte Green,greenja02,2022,SG,28,CHI,20,9,392,42,85,.494,9,23,.391,33,62,.532,.547,16,20,.800,30,57,87,12,18,7,15,40,109
Jeff Green,greenje02,2022,C,35,DEN,19,10,443,62,136,.456,14,49,.286,48,87,.552,.507,42,52,.808,8,42,50,20,5,8,16,34,180
Josh Green,greenjo02,2022,SG,21,DAL,8,0,39,3,9,.333,0,2,.000,3,7,.429,.333,0,0,,4,6,10,3,1,1,2,4,6
Blake Griffin,griffbl01,2022,PF,32,BRK,17,17,369,34,107,.318,9,56,.161,25,51,.490,.360,16,23,.696,21,63,84,34,9,10,9,39,93
Quentin Grimes,grimequ01,2022,SG,21,NYK,7,0,40,4,12,.333,4,11,.364,0,1,.000,.500,0,0,,2,4,6,0,0,0,2,4,12
Tyrese Haliburton,halibty01,2022,SG,21,SAC,18,18,605,86,193,.446,29,76,.382,57,117,.487,.521,17,22,.773,19,52,71,96,35,15,33,24,218
R.J. Hampton,hamptrj01,2022,SG,20,ORL,20,0,382,54,132,.409,23,54,.426,31,78,.397,.496,21,37,.568,8,55,63,47,10,4,30,30,152
Tim Hardaway Jr.,hardati02,2022,SG,29,DAL,17,17,564,88,228,.386,43,127,.339,45,101,.446,.480,31,40,.775,4,64,68,43,14,1,9,37,250
James Harden,hardeja01,2022,PG,32,BRK,19,19,665,111,268,.414,54,143,.378,57,125,.456,.515,118,132,.894,18,126,144,174,27,14,93,46,394
Maurice Harkless,harklma01,2022,SF,28,SAC,16,14,327,25,65,.385,9,40,.225,16,25,.640,.454,8,11,.727,3,42,45,9,8,8,7,25,67
Montrezl Harrell,harremo01,2022,C,28,WAS,19,3,525,120,185,.649,1,6,.167,119,179,.665,.651,81,103,.786,53,114,167,41,11,14,24,38,322
Gary Harris,harriga01,2022,SG,27,ORL,14,4,323,33,92,.359,8,36,.222,25,56,.446,.402,3,4,.750,13,12,25,24,5,1,14,23,77
Joe Harris,harrijo01,2022,SF,30,BRK,14,14,423,56,124,.452,41,88,.466,15,36,.417,.617,5,6,.833,5,51,56,14,7,2,16,31,158
Tobias Harris,harrito02,2022,PF,29,PHI,11,11,365,91,182,.500,16,45,.356,75,137,.547,.544,29,34,.853,11,80,91,45,2,6,22,16,227
Josh Hart,hartjo01,2022,PF,26,NOP,17,16,515,74,145,.510,15,39,.385,59,106,.557,.562,37,44,.841,17,85,102,62,16,7,23,46,200
Isaiah Hartenstein,harteis01,2022,C,23,LAC,18,0,287,56,87,.644,1,2,.500,55,85,.647,.649,20,30,.667,34,58,92,27,16,18,18,46,133
Udonis Haslem,hasleud01,2022,C,41,MIA,4,0,17,3,6,.500,0,1,.000,3,5,.600,.500,0,0,,1,4,5,1,0,1,0,5,6
Sam Hauser,hausesa01,2022,F,24,BOS,2,0,5,0,2,.000,0,2,.000,0,0,,.000,0,0,,0,1,1,0,1,0,0,1,0
Jaxson Hayes,hayesja02,2022,C,21,NOP,17,0,217,34,69,.493,1,7,.143,33,62,.532,.500,26,34,.765,23,35,58,4,4,12,11,28,95
Killian Hayes,hayeski01,2022,PG,20,DET,14,14,347,28,89,.315,14,36,.389,14,53,.264,.393,9,10,.900,11,38,49,49,22,5,25,36,79
Gordon Hayward,haywago01,2022,SF,31,CHO,21,21,706,127,274,.464,38,95,.400,89,179,.497,.533,61,71,.859,18,87,105,73,18,12,43,37,353
Aaron Henry,henryaa01,2022,SF,22,PHI,1,0,2,0,1,.000,0,1,.000,0,0,,.000,0,0,,0,0,0,0,0,0,0,0,0
Juan Hernangomez,hernaju01,2022,PF,26,BOS,11,0,39,3,14,.214,1,8,.125,2,6,.333,.250,4,5,.800,3,7,10,0,4,0,3,3,11
Willy Hernangomez,hernawi01,2022,C,27,NOP,7,0,83,23,33,.697,2,2,1.000,21,31,.677,.727,11,14,.786,7,28,35,12,4,2,6,11,59
Tyler Herro,herroty01,2022,SG,22,MIA,18,4,604,149,328,.454,53,133,.398,96,195,.492,.535,41,47,.872,13,90,103,67,10,1,52,24,392
Buddy Hield,hieldbu01,2022,SG,29,SAC,20,2,585,117,290,.403,84,216,.389,33,74,.446,.548,31,38,.816,15,72,87,44,14,5,33,42,349
George Hill,hillge01,2022,SG,35,MIL,19,11,515,54,118,.458,19,53,.358,35,65,.538,.538,14,15,.933,18,50,68,50,15,3,19,36,141
Solomon Hill,hillso01,2022,PF,30,ATL,9,1,96,2,14,.143,2,10,.200,0,4,.000,.214,0,0,,3,12,15,10,3,2,1,14,6
Aaron Holiday,holidaa01,2022,PG,25,WAS,19,5,336,41,101,.406,11,33,.333,30,68,.441,.460,10,13,.769,4,28,32,35,10,7,23,31,103
Jrue Holiday,holidjr01,2022,PG,31,MIL,14,13,427,79,188,.420,24,71,.338,55,117,.470,.484,17,25,.680,8,54,62,79,20,6,37,26,199
Justin Holiday,holidju01,2022,SF,32,IND,21,13,584,72,180,.400,50,138,.362,22,42,.524,.539,8,11,.727,6,53,59,34,11,4,21,44,202
Richaun Holmes,holmeri01,2022,C,28,SAC,18,18,493,109,157,.694,2,4,.500,107,153,.699,.701,40,47,.851,50,127,177,21,6,18,29,57,260
Rodney Hood,hoodro01,2022,SF,29,MIL,13,0,191,15,42,.357,10,30,.333,5,12,.417,.476,7,7,1.000,3,22,25,10,4,0,2,12,47
Al Horford,horfoal01,2022,C,35,BOS,17,17,491,77,172,.448,21,72,.292,56,100,.560,.509,33,40,.825,27,112,139,57,14,29,19,38,208
Talen Horton-Tucker,hortota01,2022,SG,21,LAL,8,6,245,35,93,.376,9,30,.300,26,63,.413,.425,16,16,1.000,6,35,41,20,8,4,12,24,95
Danuel House,houseda01,2022,SF,28,HOU,11,1,139,15,47,.319,8,21,.381,7,26,.269,.404,11,12,.917,2,26,28,10,5,4,10,9,49
Dwight Howard,howardw01,2022,C,36,LAL,19,0,258,31,47,.660,5,7,.714,26,40,.650,.713,24,39,.615,25,68,93,8,15,11,17,34,91
Markus Howard,howarma02,2022,SG,22,DEN,9,0,48,6,22,.273,4,15,.267,2,7,.286,.364,4,4,1.000,0,1,1,4,3,0,2,1,20
Kevin Huerter,huertke01,2022,SG,23,ATL,19,9,471,73,154,.474,28,74,.378,45,80,.563,.565,6,8,.750,7,59,66,46,6,4,21,32,180
Jay Huff,huffja01,2022,C,23,LAL,1,0,8,0,1,.000,0,1,.000,0,0,,.000,0,0,,1,1,2,1,0,0,0,0,0
Elijah Hughes,hugheel01,2022,SF,23,UTA,4,0,11,0,2,.000,0,1,.000,0,1,.000,.000,2,2,1.000,0,1,1,0,0,0,0,1,2
De'Andre Hunter,huntede01,2022,SF,24,ATL,11,11,306,50,111,.450,15,38,.395,35,73,.479,.518,4,10,.400,4,26,30,7,7,3,14,32,119
Chandler Hutchison,hutchch01,2022,SF,25,PHO,3,0,9,1,1,1.000,0,0,,1,1,1.000,1.000,0,0,,0,4,4,1,0,0,3,1,2
Bones Hyland,hylanbo01,2022,PG,21,DEN,14,0,216,34,95,.358,20,63,.317,14,32,.438,.463,13,14,.929,4,24,28,23,10,3,11,23,101
Serge Ibaka,ibakase01,2022,C,32,LAC,5,0,52,5,19,.263,1,5,.200,4,14,.286,.289,5,8,.625,4,8,12,3,1,3,4,9,16
Andre Iguodala,iguodan01,2022,SF,38,GSW,12,0,250,18,43,.419,5,23,.217,13,20,.650,.477,4,6,.667,8,34,42,45,9,10,9,12,45
Joe Ingles,inglejo01,2022,SF,34,UTA,19,3,468,49,113,.434,34,90,.378,15,23,.652,.584,5,6,.833,9,48,57,60,11,3,19,32,137
Brandon Ingram,ingrabr01,2022,SF,24,NOP,14,14,492,113,268,.422,26,68,.382,87,200,.435,.470,52,61,.852,12,80,92,63,4,5,49,32,304
Frank Jackson,jacksfr01,2022,PG,23,DET,19,2,401,62,154,.403,30,99,.303,32,55,.582,.500,24,29,.828,5,20,25,11,10,5,16,28,178
Isaiah Jackson,jacksis01,2022,PF,20,IND,3,0,16,1,5,.200,0,0,,1,5,.200,.200,1,2,.500,1,4,5,0,1,1,0,4,3
Jaren Jackson Jr.,jacksja02,2022,PF,22,MEM,19,19,509,96,242,.397,39,116,.336,57,126,.452,.477,51,58,.879,23,82,105,19,17,37,28,63,282
Josh Jackson,jacksjo02,2022,SF,24,DET,17,3,347,50,120,.417,16,56,.286,34,64,.531,.483,23,33,.697,11,50,61,31,6,8,23,31,139
Reggie Jackson,jacksre01,2022,SG,31,LAC,19,19,650,132,327,.404,58,169,.343,74,158,.468,.492,28,33,.848,12,57,69,74,13,2,37,29,350
LeBron James,jamesle01,2022,SF,37,LAL,10,10,369,94,199,.472,28,84,.333,66,115,.574,.543,35,45,.778,5,47,52,66,18,7,39,24,251
DeJon Jarreau,jarrede01,2022,SG,24,IND,1,0,1,0,0,,0,0,,0,0,,,0,0,,0,0,0,0,0,0,0,0,0
Ty Jerome,jeromty01,2022,SG,24,OKC,16,0,211,35,92,.380,18,57,.316,17,35,.486,.478,18,22,.818,6,15,21,19,12,2,4,21,106
Isaiah Joe,joeis01,2022,SG,22,PHI,12,0,118,15,44,.341,10,34,.294,5,10,.500,.455,4,4,1.000,2,14,16,6,0,0,4,8,44
Alize Johnson,johnsal02,2022,PF,25,CHI,13,0,97,12,21,.571,0,1,.000,12,20,.600,.571,3,5,.600,13,17,30,8,3,0,6,12,27
Cameron Johnson,johnsca02,2022,PF,25,PHO,19,0,422,57,142,.401,34,88,.386,23,54,.426,.521,14,19,.737,6,56,62,23,14,4,11,25,162
David Johnson,johnsda08,2022,SG,20,TOR,1,0,0,0,0,,0,0,,0,0,,,0,0,,0,0,0,0,0,0,0,0,0
Jalen Johnson,johnsja05,2022,PF,20,ATL,7,0,19,5,10,.500,2,4,.500,3,6,.500,.600,2,2,1.000,0,5,5,0,0,0,0,0,14
James Johnson,johnsja01,2022,PF,34,BRK,11,0,168,17,41,.415,2,10,.200,15,31,.484,.439,3,10,.300,8,28,36,17,5,3,6,23,39
Keldon Johnson,johnske04,2022,SF,22,SAS,18,18,562,106,230,.461,20,51,.392,86,179,.480,.504,39,60,.650,20,97,117,37,18,4,26,28,271
Keon Johnson,johnske07,2022,SG,19,LAC,1,0,1,0,0,,0,0,,0,0,,,0,0,,0,0,0,0,0,0,0,0,0
Nikola Jokic,jokicni01,2022,C,26,DEN,14,14,454,144,243,.593,25,61,.410,119,182,.654,.644,56,75,.747,38,152,190,89,17,13,45,41,369
Damian Jones,jonesda03,2022,C,26,SAC,8,0,65,10,15,.667,1,2,.500,9,13,.692,.700,5,9,.556,10,12,22,4,0,2,2,8,26
Derrick Jones Jr.,jonesde02,2022,SF,24,CHI,16,0,273,39,66,.591,4,14,.286,35,52,.673,.621,24,29,.828,22,37,59,8,9,13,7,37,106
Herb Jones,joneshe01,2022,C,23,NOP,18,9,463,46,97,.474,5,15,.333,41,82,.500,.500,11,14,.786,22,37,59,30,25,12,23,56,108
Kai Jones,joneska01,2022,C,21,CHO,6,0,8,1,1,1.000,0,0,,1,1,1.000,1.000,0,0,,0,1,1,0,0,0,3,0,2
Tre Jones,jonestr01,2022,PG,22,SAS,16,0,140,28,49,.571,0,3,.000,28,46,.609,.571,8,8,1.000,1,14,15,21,4,0,9,10,64
Tyus Jones,jonesty01,2022,PG,25,MEM,19,0,298,46,90,.511,18,36,.500,28,54,.519,.611,7,8,.875,3,36,39,58,12,2,11,7,117
DeAndre Jordan,jordade01,2022,C,33,LAL,18,14,251,41,59,.695,0,0,,41,59,.695,.695,5,8,.625,33,79,112,7,5,15,14,32,87
Cory Joseph,josepco01,2022,PG,30,DET,19,4,416,46,102,.451,11,37,.297,35,65,.538,.505,30,36,.833,7,26,33,67,17,3,28,29,133
Georgios Kalaitzakis,kalaige01,2022,SF,23,MIL,8,0,47,5,11,.455,2,4,.500,3,7,.429,.545,4,9,.444,4,4,8,0,1,1,4,8,16
Frank Kaminsky,kaminfr01,2022,C,28,PHO,9,0,181,36,66,.545,5,15,.333,31,51,.608,.583,18,20,.900,11,30,41,13,8,7,5,14,95
Enes Kanter,kanteen01,2022,C,29,BOS,9,0,101,13,32,.406,1,2,.500,12,30,.400,.422,11,13,.846,21,26,47,2,1,4,7,12,38
Luke Kennard,kennalu01,2022,SG,25,LAC,19,0,524,66,160,.413,47,112,.420,19,48,.396,.559,8,8,1.000,4,59,63,40,15,2,13,29,187
Corey Kispert,kispeco01,2022,SF,22,WAS,17,0,214,22,58,.379,8,36,.222,14,22,.636,.448,8,10,.800,8,24,32,10,4,3,6,8,60
Maxi Kleber,klebima01,2022,PF,30,DAL,8,1,169,18,41,.439,13,31,.419,5,10,.500,.598,7,8,.875,8,37,45,9,5,9,4,16,56
Nathan Knight,knighna01,2022,PF,24,MIN,8,0,21,4,4,1.000,0,0,,4,4,1.000,1.000,6,8,.750,1,4,5,3,1,1,2,2,14
Kevin Knox,knoxke01,2022,SF,22,NYK,4,0,15,1,4,.250,0,2,.000,1,2,.500,.250,1,2,.500,2,0,2,1,0,0,2,1,3
John Konchar,konchjo01,2022,SG,25,MEM,17,0,242,23,49,.469,5,18,.278,18,31,.581,.520,3,8,.375,16,40,56,19,10,4,10,21,54
Furkan Korkmaz,korkmfu01,2022,SG,24,PHI,18,5,458,66,173,.382,35,106,.330,31,67,.463,.483,17,22,.773,6,48,54,51,14,3,18,16,184
Vit Krejci,krejcvi01,2022,SG,21,OKC,3,0,9,0,2,.000,0,2,.000,0,0,,.000,2,2,1.000,0,3,3,0,0,0,1,0,2
Jonathan Kuminga,kuminjo01,2022,SF,19,GSW,12,0,98,14,37,.378,1,13,.077,13,24,.542,.392,8,13,.615,7,14,21,5,4,2,8,17,37
Kyle Kuzma,kuzmaky01,2022,PF,26,WAS,19,19,623,92,221,.416,40,115,.348,52,106,.491,.507,23,40,.575,21,154,175,50,11,13,41,42,247
Jeremy Lamb,lambje01,2022,SF,29,IND,15,0,209,35,82,.427,19,45,.422,16,37,.432,.543,26,26,1.000,2,35,37,17,7,6,8,15,115
Jock Landale,landajo01,2022,C,26,SAS,5,0,16,5,7,.714,1,2,.500,4,5,.800,.786,2,3,.667,2,0,2,2,0,1,1,1,13
Romeo Langford,langfro01,2022,SG,22,BOS,16,0,297,28,70,.400,14,32,.438,14,38,.368,.500,6,9,.667,13,33,46,9,7,2,8,22,76
Zach LaVine,lavinza01,2022,SG,26,CHI,20,20,692,190,389,.488,57,147,.388,133,242,.550,.562,79,91,.868,8,96,104,75,10,7,54,28,516
Jake Layman,laymaja01,2022,SF,27,MIN,7,0,34,3,10,.300,1,4,.250,2,6,.333,.350,0,0,,1,4,5,0,1,1,2,1,7
Damion Lee,leeda03,2022,SG,29,GSW,15,0,315,49,112,.438,19,54,.352,30,58,.517,.522,17,21,.810,5,38,43,18,3,2,10,20,134
Saben Lee,leesa01,2022,PG,22,DET,8,0,93,10,29,.345,2,12,.167,8,17,.471,.379,6,10,.600,1,11,12,11,7,1,5,4,28
Alex Len,lenal01,2022,C,28,SAC,12,2,215,32,58,.552,5,10,.500,27,48,.563,.595,17,25,.680,12,40,52,14,2,15,13,37,86
Caris LeVert,leverca01,2022,SG,27,IND,13,13,338,76,184,.413,14,58,.241,62,126,.492,.451,19,26,.731,4,35,39,39,10,7,19,26,185
Kira Lewis Jr.,lewiski01,2022,PG,20,NOP,18,0,273,45,118,.381,11,47,.234,34,71,.479,.428,5,7,.714,5,29,34,38,10,0,25,17,106
Damian Lillard,lillada01,2022,PG,31,POR,19,19,683,142,356,.399,54,178,.303,88,178,.494,.475,80,88,.909,8,65,73,151,13,7,50,28,418
Nassir Little,littlna01,2022,SF,21,POR,20,2,443,62,126,.492,19,59,.322,43,67,.642,.567,24,29,.828,29,77,106,14,16,13,19,43,167
Kevon Looney,looneke01,2022,C,25,GSW,19,19,354,44,82,.537,0,0,,44,82,.537,.537,19,33,.576,47,82,129,21,10,15,11,46,107
Brook Lopez,lopezbr01,2022,C,33,MIL,1,1,28,3,9,.333,2,4,.500,1,5,.200,.444,0,0,,2,3,5,0,1,3,0,3,8
Robin Lopez,lopezro01,2022,C,33,ORL,7,0,90,16,28,.571,0,1,.000,16,27,.593,.571,9,12,.750,11,8,19,4,0,3,5,8,41
Didi Louzada,louzama01,2022,SF,22,NOP,2,0,7,0,3,.000,0,3,.000,0,0,,.000,0,0,,2,0,2,1,0,0,0,0,0
Kevin Love,loveke01,2022,PF,33,CLE,11,0,227,39,101,.386,14,49,.286,25,52,.481,.455,27,29,.931,15,72,87,21,2,2,10,12,119
Kyle Lowry,lowryky01,2022,PG,35,MIA,17,17,574,71,173,.410,31,104,.298,40,69,.580,.500,29,32,.906,9,76,85,127,20,6,54,49,202
Timothe Luwawu-Cabarrot,luwawti01,2022,SF,26,ATL,13,0,40,6,17,.353,4,10,.400,2,7,.286,.471,5,6,.833,0,6,6,4,2,0,1,2,21
Trey Lyles,lylestr01,2022,PF,26,DET,19,0,310,48,116,.414,15,55,.273,33,61,.541,.478,36,47,.766,25,54,79,14,6,3,20,23,147
Theo Maledon,maledth01,2022,PG,20,OKC,10,0,141,8,37,.216,3,24,.125,5,13,.385,.257,7,8,.875,4,14,18,12,2,0,11,8,26
Sandro Mamukelashvili,mamuksa01,2022,PF,22,MIL,9,0,67,7,16,.438,3,7,.429,4,9,.444,.531,2,3,.667,3,6,9,2,0,1,2,5,19
Terance Mann,mannte01,2022,SF,25,LAC,18,0,514,66,144,.458,20,53,.377,46,91,.505,.528,25,30,.833,24,65,89,42,13,2,19,43,177
Tre Mann,manntr01,2022,PG,20,OKC,11,0,126,24,57,.421,7,20,.350,17,37,.459,.482,4,8,.500,6,9,15,2,5,3,5,16,59
Boban Marjanovic,marjabo01,2022,C,33,DAL,9,0,45,18,26,.692,0,0,,18,26,.692,.692,5,10,.500,5,7,12,2,0,1,5,11,41
Lauri Markkanen,markkla01,2022,PF,24,CLE,10,10,312,47,127,.370,19,66,.288,28,61,.459,.445,26,29,.897,14,52,66,13,11,8,9,13,139
Naji Marshall,marshna01,2022,SF,24,NOP,14,0,188,16,52,.308,2,21,.095,14,31,.452,.327,20,22,.909,11,39,50,17,7,3,15,19,54
Caleb Martin,martica02,2022,SF,26,MIA,16,0,261,32,73,.438,7,29,.241,25,44,.568,.486,11,19,.579,11,33,44,9,16,8,8,23,82
Cody Martin,martico01,2022,SF,26,CHO,21,0,527,60,127,.472,18,39,.462,42,88,.477,.543,25,35,.714,28,63,91,49,28,11,9,33,163
Kelan Martin,martike03,2022,SF,26,IND,14,1,238,42,100,.420,13,42,.310,29,58,.500,.485,5,7,.714,9,19,28,17,8,6,6,19,102
Kenyon Martin Jr.,martike04,2022,SF,21,HOU,17,0,259,48,85,.565,6,23,.261,42,62,.677,.600,12,19,.632,9,40,49,14,8,9,8,12,114
Garrison Mathews,mathega01,2022,SG,25,HOU,5,0,98,12,30,.400,8,26,.308,4,4,1.000,.533,5,6,.833,5,9,14,3,1,2,2,12,37
Tyrese Maxey,maxeyty01,2022,PG,21,PHI,19,19,674,134,268,.500,24,62,.387,110,206,.534,.545,63,71,.887,6,61,67,88,16,11,23,44,355
Skylar Mays,mayssk01,2022,SG,24,ATL,7,0,19,4,5,.800,1,2,.500,3,3,1.000,.900,5,5,1.000,0,2,2,1,0,0,2,2,14
Miles McBride,mcbrimi01,2022,PG,21,NYK,6,0,8,1,9,.111,0,6,.000,1,3,.333,.111,0,0,,1,0,1,1,1,1,0,1,2
CJ McCollum,mccolcj01,2022,SG,30,POR,20,20,708,158,369,.428,66,165,.400,92,204,.451,.518,25,36,.694,23,64,87,87,21,14,39,42,407
T.J. McConnell,mccontj01,2022,PG,29,IND,21,5,527,84,166,.506,7,22,.318,77,144,.535,.527,8,11,.727,15,58,73,110,23,9,27,40,183
Jaden McDaniels,mcdanja02,2022,PF,21,MIN,19,11,474,48,114,.421,13,48,.271,35,66,.530,.478,6,10,.600,31,54,85,16,18,12,19,70,115
Jalen McDaniels,mcdanja01,2022,SF,24,CHO,19,0,260,37,66,.561,18,37,.486,19,29,.655,.697,14,23,.609,12,46,58,18,6,4,11,29,106
Doug McDermott,mcderdo01,2022,PF,30,SAS,12,12,307,47,105,.448,25,57,.439,22,48,.458,.567,6,9,.667,5,22,27,14,2,0,8,15,125
JaVale McGee,mcgeeja01,2022,C,34,PHO,19,6,311,87,129,.674,0,0,,87,129,.674,.674,20,32,.625,41,94,135,13,7,18,30,50,194
Rodney McGruder,mcgruro01,2022,SG,30,DET,8,0,43,5,13,.385,2,7,.286,3,6,.500,.462,2,2,1.000,2,4,6,3,0,1,0,1,14
JaQuori McLaughlin,mclauja01,2022,PG,24,DAL,1,0,2,0,0,,0,0,,0,0,,,0,0,,0,0,0,1,0,0,0,0,0
Jordan McLaughlin,mclaujo01,2022,PG,25,MIN,16,0,165,11,36,.306,3,17,.176,8,19,.421,.347,5,7,.714,2,11,13,34,9,0,11,6,30
Ben McLemore,mclembe01,2022,SG,28,POR,5,0,33,6,15,.400,5,14,.357,1,1,1.000,.567,2,2,1.000,1,0,1,1,0,0,3,2,19
De'Anthony Melton,meltode01,2022,SG,23,MEM,16,12,412,60,153,.392,29,81,.358,31,72,.431,.487,8,10,.800,11,49,60,36,26,12,25,29,157
Sam Merrill,merrisa01,2022,SG,25,MEM,6,0,58,8,24,.333,7,23,.304,1,1,1.000,.479,2,4,.500,1,6,7,4,0,0,2,3,25
Chimezie Metu,metuch01,2022,C,24,SAC,9,6,197,27,72,.375,12,41,.293,15,31,.484,.458,6,9,.667,6,49,55,9,7,6,12,13,72
Khris Middleton,middlkh01,2022,SF,30,MIL,12,12,360,71,170,.418,23,70,.329,48,100,.480,.485,40,47,.851,4,58,62,58,18,2,36,20,205
Patty Mills,millspa02,2022,PG,33,BRK,19,5,519,83,178,.466,61,121,.504,22,57,.386,.638,10,11,.909,5,27,32,48,10,3,15,27,237
Paul Millsap,millspa01,2022,PF,36,BRK,14,0,155,14,41,.341,5,20,.250,9,21,.429,.402,8,11,.727,9,39,48,10,3,5,7,29,41
Shake Milton,miltosh01,2022,PG,25,PHI,15,4,387,70,153,.458,13,45,.289,57,108,.528,.500,27,30,.900,10,39,49,46,8,6,18,30,180
Davion Mitchell,mitchda01,2022,PG,23,SAC,20,0,503,71,190,.374,21,77,.273,50,113,.442,.429,14,23,.609,14,39,53,68,14,4,19,47,177
Donovan Mitchell,mitchdo01,2022,SG,25,UTA,18,18,584,153,364,.420,52,166,.313,101,198,.510,.492,55,63,.873,19,58,77,89,31,3,52,48,413
Evan Mobley,mobleev01,2022,PF,20,CLE,15,15,506,87,176,.494,8,26,.308,79,150,.527,.517,37,48,.771,26,94,120,37,15,24,27,30,219
Malik Monk,monkma01,2022,SG,23,LAL,21,2,503,76,166,.458,33,96,.344,43,70,.614,.557,19,23,.826,8,46,54,45,15,5,28,28,204
Moses Moody,moodymo01,2022,SG,19,GSW,14,0,85,10,26,.385,2,15,.133,8,11,.727,.423,1,2,.500,1,10,11,3,0,2,1,4,23
Ja Morant,moranja01,2022,PG,22,MEM,19,19,619,170,357,.476,31,87,.356,139,270,.515,.520,87,112,.777,25,81,106,129,30,5,60,25,458
Marcus Morris,morrima03,2022,PF,32,LAC,4,4,109,13,37,.351,5,21,.238,8,16,.500,.419,4,5,.800,0,11,11,3,3,3,6,13,35
Markieff Morris,morrima02,2022,PF,32,MIA,10,0,187,32,70,.457,8,22,.364,24,48,.500,.514,5,5,1.000,13,15,28,14,3,1,12,22,77
Monte Morris,morrimo01,2022,PG,26,DEN,19,19,562,94,206,.456,24,73,.329,70,133,.526,.515,5,8,.625,6,43,49,80,15,2,26,33,217
Mychal Mulder,muldemy01,2022,PG,27,ORL,8,1,92,12,41,.293,9,28,.321,3,13,.231,.402,2,2,1.000,2,6,8,1,2,0,3,5,35
Trey Murphy III,murphtr02,2022,SF,21,NOP,20,0,310,31,89,.348,24,65,.369,7,24,.292,.483,9,10,.900,13,36,49,12,7,4,10,21,95
Dejounte Murray,murrade01,2022,PG,25,SAS,18,18,626,145,324,.448,22,70,.314,123,254,.484,.481,29,43,.674,14,137,151,145,38,9,43,36,341
Mike Muscala,muscami01,2022,C,30,OKC,15,0,216,39,87,.448,24,55,.436,15,32,.469,.586,23,29,.793,6,42,48,9,6,10,7,20,125
Svi Mykhailiuk,mykhasv01,2022,SF,24,TOR,20,2,358,50,110,.455,22,62,.355,28,48,.583,.555,18,20,.900,12,34,46,21,15,1,15,26,140
Abdel Nader,naderab01,2022,SF,28,PHO,14,0,145,12,35,.343,4,14,.286,8,21,.381,.400,6,10,.600,4,23,27,7,8,4,11,20,34
Larry Nance Jr.,nancela02,2022,PF,29,POR,20,0,385,53,97,.546,11,31,.355,42,66,.636,.603,15,23,.652,31,71,102,30,16,9,18,30,132
RJ Nembhard,nembhrj01,2022,SG,22,CLE,2,0,3,1,1,1.000,0,0,,1,1,1.000,1.000,0,0,,0,1,1,1,0,0,0,0,2
Aaron Nesmith,nesmiaa01,2022,SF,22,BOS,17,0,157,16,51,.314,8,38,.211,8,13,.615,.392,2,2,1.000,6,19,25,5,4,0,8,18,42
Raul Neto,netora01,2022,PG,29,WAS,18,0,356,54,117,.462,6,27,.222,48,90,.533,.487,19,26,.731,1,31,32,42,15,1,26,34,133
Georges Niang,niangge01,2022,PF,28,PHI,19,4,487,79,182,.434,42,108,.389,37,74,.500,.549,22,24,.917,6,48,54,33,13,5,16,56,222
Zeke Nnaji,nnajize01,2022,PF,21,DEN,7,0,80,17,34,.500,9,15,.600,8,19,.421,.632,6,10,.600,9,18,27,0,0,3,4,4,49
Nerlens Noel,noelne01,2022,C,27,NYK,8,3,198,14,27,.519,0,2,.000,14,25,.560,.519,9,9,1.000,20,31,51,6,10,13,10,28,37
Jaylen Nowell,nowelja01,2022,SG,22,MIN,9,0,51,10,31,.323,1,8,.125,9,23,.391,.339,2,2,1.000,3,6,9,9,3,2,1,1,23
Frank Ntilikina,ntilila01,2022,PG,23,DAL,15,0,213,27,75,.360,14,39,.359,13,36,.361,.453,12,12,1.000,3,26,29,22,10,3,10,18,80
Jusuf Nurkic,nurkiju01,2022,C,27,POR,20,20,490,93,160,.581,3,16,.188,90,144,.625,.591,50,66,.758,50,168,218,46,26,11,39,57,239
David Nwaba,nwabada01,2022,SF,29,HOU,15,0,176,23,52,.442,1,13,.077,22,39,.564,.452,14,22,.636,8,38,46,10,10,4,8,15,61
Jordan Nwora,nworajo01,2022,SF,23,MIL,18,0,358,54,135,.400,25,70,.357,29,65,.446,.493,11,13,.846,10,57,67,23,4,9,23,21,144
Royce O'Neale,onealro01,2022,SF,28,UTA,19,19,589,53,115,.461,28,79,.354,25,36,.694,.583,10,15,.667,17,73,90,40,32,15,23,44,144
Semi Ojeleye,ojelese01,2022,PF,27,MIL,11,0,218,12,47,.255,6,28,.214,6,19,.316,.319,3,5,.600,21,19,40,4,4,5,5,17,33
Chuma Okeke,okekech01,2022,PF,23,ORL,14,0,293,38,97,.392,11,45,.244,27,52,.519,.448,16,17,.941,9,46,55,16,10,2,12,20,103
Josh Okogie,okogijo01,2022,SG,23,MIN,12,4,173,12,34,.353,3,12,.250,9,22,.409,.397,8,16,.500,12,19,31,11,8,3,8,14,35
Isaac Okoro,okorois01,2022,SF,21,CLE,12,8,362,33,92,.359,7,38,.184,26,54,.481,.397,18,26,.692,20,34,54,23,12,3,12,27,91
KZ Okpala,okpalkz01,2022,PF,22,MIA,8,0,47,4,15,.267,1,8,.125,3,7,.429,.300,2,2,1.000,4,7,11,2,1,0,0,4,11
Kelly Olynyk,olynyke01,2022,C,30,DET,10,1,230,45,98,.459,14,41,.341,31,57,.544,.531,21,35,.600,13,40,53,23,14,7,15,27,125
Eugene Omoruyi,omorueu01,2022,SF,24,DAL,2,0,10,2,4,.500,1,2,.500,1,2,.500,.625,2,4,.500,1,4,5,1,0,0,0,1,7
Miye Oni,onimi01,2022,SG,24,UTA,8,0,19,1,2,.500,0,1,.000,1,1,1.000,.500,0,1,.000,0,3,3,2,0,0,0,2,2
Cedi Osman,osmande01,2022,SF,26,CLE,16,0,355,66,136,.485,41,94,.436,25,42,.595,.636,15,22,.682,6,37,43,26,11,3,14,27,188
Kelly Oubre Jr.,oubreke01,2022,SF,26,CHO,21,5,557,111,252,.440,55,144,.382,56,108,.519,.550,24,36,.667,25,60,85,20,15,5,20,51,301
Kevin Pangos,pangoke01,2022,PG,29,CLE,5,0,13,1,3,.333,1,2,.500,0,1,.000,.500,1,2,.500,1,0,1,0,0,0,1,2,4
Jabari Parker,parkeja01,2022,PF,26,BOS,7,0,76,13,24,.542,5,9,.556,8,15,.533,.646,6,6,1.000,3,14,17,4,3,1,5,11,37
Eric Paschall,pascher01,2022,PF,25,UTA,17,0,220,22,54,.407,9,35,.257,13,19,.684,.491,12,17,.706,12,23,35,13,2,3,9,14,65
Chris Paul,paulch01,2022,PG,36,PHO,19,19,602,92,195,.472,19,55,.345,73,140,.521,.521,65,76,.855,6,68,74,197,39,6,44,37,268
Cameron Payne,payneca01,2022,PG,27,PHO,14,0,245,47,121,.388,15,50,.300,32,71,.451,.450,29,36,.806,5,31,36,40,9,4,22,24,138
Elfrid Payton,paytoel01,2022,PG,27,PHO,6,0,83,16,30,.533,0,1,.000,16,29,.552,.533,4,8,.500,5,14,19,17,3,0,7,8,36
Gary Payton II,paytoga02,2022,PG,29,GSW,18,1,255,45,64,.703,9,21,.429,36,43,.837,.773,17,27,.630,18,35,53,14,24,2,7,31,116
Jamorko Pickett,pickeja01,2022,PF,24,DET,3,0,9,1,1,1.000,1,1,1.000,0,0,,1.500,0,0,,0,0,0,0,0,0,1,0,3
Mason Plumlee,plumlma01,2022,C,31,CHO,20,20,523,59,99,.596,0,0,,59,99,.596,.596,18,52,.346,51,94,145,55,17,20,24,60,136
Jakob Poeltl,poeltja01,2022,C,26,SAS,11,10,319,63,100,.630,0,0,,63,100,.630,.630,10,27,.370,50,51,101,23,6,13,16,32,136
Aleksej Pokusevski,pokusal01,2022,PF,20,OKC,19,0,284,38,108,.352,10,47,.213,28,61,.459,.398,5,8,.625,19,61,80,25,8,7,24,23,91
Yves Pons,ponsyv01,2022,F,22,MEM,1,0,3,0,1,.000,0,0,,0,1,.000,.000,0,0,,1,0,1,0,0,0,0,0,0
Jordan Poole,poolejo01,2022,SG,22,GSW,19,19,573,125,276,.453,50,151,.331,75,125,.600,.543,44,48,.917,6,52,58,65,20,4,48,56,344
Kevin Porter Jr.,porteke02,2022,PG,21,HOU,15,15,467,67,184,.364,26,82,.317,41,102,.402,.435,32,51,.627,14,50,64,80,19,6,65,37,192
Michael Porter Jr.,portemi01,2022,SF,23,DEN,9,9,265,37,103,.359,10,48,.208,27,55,.491,.408,5,9,.556,9,50,59,17,10,2,12,16,89
Otto Porter,porteot01,2022,PF,28,GSW,17,0,301,40,86,.465,26,61,.426,14,25,.560,.616,7,8,.875,13,61,74,17,15,7,11,20,113
Bobby Portis,portibo01,2022,C,26,MIL,15,11,420,91,186,.489,31,69,.449,60,117,.513,.573,18,24,.750,40,88,128,20,11,14,24,37,231
Kristaps Porzingis,porzikr01,2022,PF,26,DAL,12,12,365,90,194,.464,24,70,.343,66,124,.532,.526,49,55,.891,33,65,98,23,10,18,20,30,253
Dwight Powell,poweldw01,2022,C,30,DAL,17,16,364,44,75,.587,6,15,.400,38,60,.633,.627,18,30,.600,39,49,88,20,10,13,14,44,112
Norman Powell,powelno01,2022,SF,28,POR,18,18,524,106,210,.505,36,81,.444,70,129,.543,.590,56,69,.812,7,38,45,28,17,7,18,35,304
Joshua Primo,primojo01,2022,SG,19,SAS,4,0,14,2,3,.667,1,2,.500,1,1,1.000,.833,0,0,,1,0,1,1,0,0,0,1,5
Taurean Prince,princta02,2022,PF,27,MIN,17,1,231,23,67,.343,12,46,.261,11,21,.524,.433,9,12,.750,8,24,32,12,8,3,9,22,67
Payton Pritchard,pritcpa01,2022,SG,24,BOS,17,0,148,10,44,.227,7,28,.250,3,16,.188,.307,3,3,1.000,6,14,20,20,0,2,11,14,30
Immanuel Quickley,quickim01,2022,PG,22,NYK,19,0,351,56,136,.412,33,86,.384,23,50,.460,.533,32,35,.914,7,30,37,43,10,0,17,31,177
Jahmi'us Ramsey,ramseja01,2022,SG,20,SAC,5,0,31,3,8,.375,1,4,.250,2,4,.500,.438,0,2,.000,0,0,0,2,0,1,0,2,7
Julius Randle,randlju01,2022,PF,27,NYK,19,19,668,132,314,.420,37,109,.339,95,205,.463,.479,75,100,.750,35,157,192,96,13,14,64,52,376
Austin Reaves,reaveau01,2022,SG,23,LAL,10,0,213,22,46,.478,9,28,.321,13,18,.722,.576,8,8,1.000,2,18,20,10,3,2,8,21,61
Cam Reddish,reddica01,2022,SF,22,ATL,20,0,465,82,198,.414,33,87,.379,49,111,.441,.497,41,46,.891,18,41,59,19,23,4,27,30,238
Paul Reed,reedpa01,2022,C,22,PHI,14,2,137,18,35,.514,0,3,.000,18,32,.563,.514,0,0,,16,22,38,8,9,9,6,21,36
Naz Reid,reidna01,2022,C,22,MIN,17,0,258,49,108,.454,12,39,.308,37,69,.536,.509,25,34,.735,23,36,59,14,11,18,10,40,135
Nick Richards,richani01,2022,C,24,CHO,16,0,148,24,37,.649,0,0,,24,37,.649,.649,8,11,.727,15,19,34,4,4,12,12,27,56
Josh Richardson,richajo01,2022,SG,28,BOS,14,0,348,47,102,.461,15,43,.349,32,59,.542,.534,15,19,.789,10,34,44,17,8,8,11,26,124
Austin Rivers,riverau01,2022,SG,29,DEN,17,3,298,24,73,.329,12,45,.267,12,28,.429,.411,3,6,.500,6,18,24,13,9,2,10,21,63
Duncan Robinson,robindu01,2022,SG,27,MIA,19,19,553,73,199,.367,58,172,.337,15,27,.556,.513,5,8,.625,8,68,76,28,16,6,17,60,209
Justin Robinson,robinju01,2022,PG,24,MIL,16,0,197,18,57,.316,10,37,.270,8,20,.400,.404,2,2,1.000,2,11,13,21,8,0,11,17,48
Mitchell Robinson,robinmi01,2022,C,23,NYK,16,16,406,46,57,.807,0,0,,46,57,.807,.807,22,38,.579,48,74,122,12,7,25,10,43,114
Jeremiah Robinson-Earl,robinje02,2022,C,21,OKC,19,12,407,54,119,.454,24,59,.407,30,60,.500,.555,7,11,.636,29,76,105,16,12,7,17,26,139
Isaiah Roby,robyis01,2022,PF,23,OKC,9,1,94,19,39,.487,3,9,.333,16,30,.533,.526,6,6,1.000,10,12,22,6,1,2,4,11,47
Rajon Rondo,rondora01,2022,PG,35,LAL,13,0,199,18,60,.300,7,24,.292,11,36,.306,.358,0,0,,7,21,28,49,11,3,22,19,43
Derrick Rose,rosede01,2022,PG,33,NYK,17,1,390,81,180,.450,26,62,.419,55,118,.466,.522,16,17,.941,12,35,47,57,17,11,24,10,204
Terrence Ross,rosste01,2022,SG,30,ORL,19,0,488,66,171,.386,27,88,.307,39,83,.470,.465,33,42,.786,4,31,35,37,11,3,26,22,192
Terry Rozier,roziete01,2022,SG,27,CHO,16,16,507,101,239,.423,36,111,.324,65,128,.508,.498,27,33,.818,11,48,59,51,21,7,24,22,265
Ricky Rubio,rubiori01,2022,PG,31,CLE,19,5,561,95,256,.371,41,113,.363,54,143,.378,.451,55,64,.859,9,64,73,118,24,3,59,42,286
D'Angelo Russell,russeda01,2022,PG,25,MIN,17,17,530,109,279,.391,47,145,.324,62,134,.463,.475,47,58,.810,7,54,61,96,14,12,43,34,312
Domantas Sabonis,sabondo01,2022,C,25,IND,21,21,716,147,258,.570,17,58,.293,130,200,.650,.603,67,92,.728,67,174,241,78,25,7,64,69,378
Tomas Satoransky,satorto01,2022,SG,30,NOP,16,3,252,15,50,.300,2,12,.167,13,38,.342,.320,8,11,.727,9,23,32,35,6,0,12,22,40
Dennis Schroder,schrode01,2022,SG,28,BOS,20,12,666,125,285,.439,29,90,.322,96,195,.492,.489,62,69,.899,16,63,79,98,19,1,56,51,341
Jay Scrubb,scrubja01,2022,SG,21,LAC,6,0,32,9,19,.474,3,8,.375,6,11,.545,.553,1,2,.500,0,3,3,2,1,1,1,3,22
Wayne Selden,seldewa01,2022,SG,27,NYK,1,0,1,0,0,,0,0,,0,0,,,0,0,,0,0,0,0,0,0,0,0,0
Alperen Sengun,sengual01,2022,C,19,HOU,17,2,317,51,106,.481,9,21,.429,42,85,.494,.524,42,63,.667,24,57,81,41,21,8,33,52,153
Collin Sexton,sextoco01,2022,SG,23,CLE,11,11,316,68,151,.450,11,45,.244,57,106,.538,.487,29,39,.744,13,23,36,23,10,0,31,25,176
Landry Shamet,shamela01,2022,SG,24,PHO,18,0,333,40,105,.381,30,78,.385,10,27,.370,.524,18,22,.818,4,40,44,29,6,2,8,17,128
Day'Ron Sharpe,sharpda01,2022,PF,20,BRK,8,0,36,9,17,.529,1,3,.333,8,14,.571,.559,2,5,.400,8,9,17,0,2,2,6,4,21
Pascal Siakam,siakapa01,2022,PF,27,TOR,9,9,294,56,120,.467,13,33,.394,43,87,.494,.521,34,46,.739,19,46,65,31,8,7,18,26,159
Marko Simonovic,simonma01,2022,C,22,CHI,1,0,7,0,1,.000,0,1,.000,0,0,,.000,1,2,.500,0,1,1,0,0,0,1,0,1
Anfernee Simons,simonan01,2022,SG,22,POR,19,1,430,85,186,.457,39,103,.379,46,83,.554,.562,18,19,.947,11,40,51,40,10,2,21,27,227
Jericho Sims,simsje01,2022,PF,23,NYK,7,0,33,1,1,1.000,0,0,,1,1,1.000,1.000,1,2,.500,1,7,8,0,1,1,1,3,3
Marcus Smart,smartma01,2022,PG,27,BOS,19,19,662,71,184,.386,25,91,.275,46,93,.495,.454,35,47,.745,10,63,73,107,42,7,33,40,202
Dennis Smith Jr.,smithde03,2022,PG,24,POR,9,0,118,9,24,.375,2,5,.400,7,19,.368,.417,6,11,.545,1,12,13,23,13,2,13,8,26
Ish Smith,smithis01,2022,PG,33,CHO,16,0,211,32,82,.390,1,2,.500,31,80,.388,.396,3,8,.375,1,17,18,36,7,4,15,10,68
Jalen Smith,smithja04,2022,PF,21,PHO,6,0,32,4,11,.364,0,2,.000,4,9,.444,.364,5,5,1.000,4,10,14,0,1,1,1,3,13
Tony Snell,snellto01,2022,SG,30,POR,14,0,126,5,20,.250,5,18,.278,0,2,.000,.375,0,0,,1,11,12,6,1,2,2,13,15
Jaden Springer,sprinja01,2022,SG,19,PHI,1,0,2,0,0,,0,0,,0,0,,,0,0,,0,0,0,0,0,0,0,0,0
Lamar Stevens,stevela01,2022,PF,24,CLE,9,0,91,7,26,.269,2,7,.286,5,19,.263,.308,1,1,1.000,7,7,14,1,2,1,2,9,17
Isaiah Stewart,stewais01,2022,C,20,DET,17,17,407,56,105,.533,1,10,.100,55,95,.579,.538,8,12,.667,37,88,125,18,7,20,17,41,121
Max Strus,strusma01,2022,SF,25,MIA,12,0,231,28,67,.418,19,49,.388,9,18,.500,.560,3,7,.429,3,39,42,9,4,2,6,14,78
Jalen Suggs,suggsja01,2022,PG,20,ORL,19,19,522,79,234,.338,24,97,.247,55,137,.401,.389,49,64,.766,15,50,65,67,19,9,64,54,231
Jae'Sean Tate,tateja01,2022,SF,26,HOU,18,18,485,78,165,.473,11,46,.239,67,119,.563,.506,30,41,.732,39,82,121,32,12,10,35,57,197
Jayson Tatum,tatumja01,2022,SF,23,BOS,20,20,731,179,442,.405,55,172,.320,124,270,.459,.467,89,111,.802,25,147,172,68,19,17,52,53,502
Garrett Temple,templga01,2022,SG,35,NOP,19,6,359,35,91,.385,20,54,.370,15,37,.405,.495,15,20,.750,13,38,51,23,16,11,19,29,105
Daniel Theis,theisda01,2022,C,29,HOU,15,14,350,50,103,.485,14,46,.304,36,57,.632,.553,15,20,.750,16,54,70,11,7,8,19,38,129
Brodric Thomas,thomabr01,2022,SG,25,BOS,2,0,2,0,0,,0,0,,0,0,,,0,0,,1,0,1,0,0,0,1,0,0
Cameron Thomas,thomaca02,2022,SG,20,BRK,12,0,94,13,42,.310,2,18,.111,11,24,.458,.333,8,9,.889,2,9,11,8,3,3,2,3,36
Matt Thomas,thomama02,2022,SG,27,CHI,7,0,30,4,16,.250,1,7,.143,3,9,.333,.281,0,0,,0,2,2,0,1,1,0,1,9
Tristan Thompson,thomptr01,2022,PF,30,SAC,14,0,190,31,58,.534,0,0,,31,58,.534,.534,12,21,.571,33,44,77,8,4,5,10,26,74
JT Thor,thorjt01,2022,PF,19,CHO,2,0,2,0,0,,0,0,,0,0,,,0,0,,0,0,0,0,0,0,0,0,0
Matisse Thybulle,thybuma01,2022,SG,24,PHI,12,4,312,31,58,.534,9,27,.333,22,31,.710,.612,6,6,1.000,5,23,28,14,28,20,12,20,77
Killian Tillie,tilliki02,2022,C,23,MEM,6,0,42,4,15,.267,2,8,.250,2,7,.286,.333,0,0,,3,2,5,2,4,3,1,4,10
Xavier Tillman Sr.,tillmxa01,2022,PF,23,MEM,13,0,169,22,50,.440,2,15,.133,20,35,.571,.460,9,13,.692,14,26,40,16,15,2,6,11,55
Isaiah Todd,toddis01,2022,PF,20,WAS,3,0,7,2,5,.400,2,3,.667,0,2,.000,.600,1,2,.500,0,1,1,0,1,1,0,0,7
Obi Toppin,toppiob01,2022,PF,23,NYK,19,0,290,58,111,.523,6,32,.188,52,79,.658,.550,28,39,.718,21,49,70,19,6,15,17,31,150
Juan Toscano-Anderson,toscaju01,2022,SF,28,GSW,18,1,273,31,61,.508,8,26,.308,23,35,.657,.574,11,13,.846,8,42,50,38,12,8,16,25,81
Karl-Anthony Towns,townska01,2022,C,26,MIN,19,19,651,153,307,.498,51,116,.440,102,191,.534,.581,76,90,.844,54,117,171,66,24,21,63,64,433
Gary Trent Jr.,trentga02,2022,SG,23,TOR,20,19,688,127,294,.432,53,142,.373,74,152,.487,.522,39,42,.929,11,50,61,33,41,7,19,45,346
P.J. Tucker,tuckepj01,2022,PF,36,MIA,19,19,538,50,93,.538,22,48,.458,28,45,.622,.656,9,11,.818,33,78,111,32,10,4,17,48,131
Myles Turner,turnemy01,2022,C,25,IND,21,21,604,97,186,.522,39,96,.406,58,90,.644,.626,37,53,.698,33,126,159,22,13,62,30,51,270
Jonas Valanciunas,valanjo01,2022,C,29,NOP,21,21,672,149,297,.502,23,46,.500,126,251,.502,.540,73,85,.859,71,188,259,51,11,19,44,68,394
Denzel Valentine,valende01,2022,SG,28,CLE,12,0,86,9,33,.273,6,21,.286,3,12,.250,.364,0,0,,6,10,16,3,5,0,4,8,24
Jarred Vanderbilt,vandeja01,2022,PF,22,MIN,19,12,399,43,81,.531,0,6,.000,43,75,.573,.531,23,28,.821,55,85,140,21,27,14,21,55,109
Fred VanVleet,vanvlfr01,2022,PG,27,TOR,19,19,723,136,311,.437,59,153,.386,77,158,.487,.532,44,52,.846,16,78,94,127,31,13,60,48,375
Devin Vassell,vassede01,2022,SF,21,SAS,17,0,439,79,169,.467,33,84,.393,46,85,.541,.565,16,22,.727,9,57,66,25,21,12,13,36,207
Gabe Vincent,vincega01,2022,PG,25,MIA,16,1,213,27,66,.409,12,37,.324,15,29,.517,.500,6,8,.750,8,15,23,27,8,0,11,28,72
Nikola Vucevic,vucevni01,2022,C,31,CHI,13,13,430,75,186,.403,15,54,.278,60,132,.455,.444,15,24,.625,22,119,141,54,14,12,20,32,180
Dean Wade,wadede01,2022,PF,25,CLE,16,11,358,29,72,.403,14,47,.298,15,25,.600,.500,5,6,.833,12,40,52,21,11,1,5,32,77
Franz Wagner,wagnefr01,2022,SF,20,ORL,20,20,620,98,227,.432,29,80,.363,69,147,.469,.496,30,38,.789,26,56,82,44,20,10,22,50,255
Moritz Wagner,wagnemo01,2022,C,24,ORL,19,0,203,35,79,.443,19,53,.358,16,26,.615,.563,21,29,.724,10,37,47,11,1,5,14,34,110
Ish Wainright,wainris01,2022,F,27,PHO,3,0,7,1,3,.333,0,1,.000,1,2,.500,.333,0,0,,1,1,2,1,0,0,1,1,2
Kemba Walker,walkeke02,2022,PG,31,NYK,18,18,441,76,177,.429,38,92,.413,38,85,.447,.537,20,25,.800,2,44,46,55,19,5,24,19,210
Lonnie Walker,walkelo01,2022,SG,23,SAS,18,3,406,69,185,.373,28,97,.289,41,88,.466,.449,21,26,.808,1,52,53,47,12,7,23,24,187
Brad Wanamaker,wanambr01,2022,PG,32,IND,10,0,131,9,33,.273,4,11,.364,5,22,.227,.333,13,15,.867,3,15,18,19,1,5,14,18,35
Duane Washington Jr.,washidu02,2022,PG,21,IND,2,0,4,2,3,.667,1,2,.500,1,1,1.000,.833,0,0,,0,1,1,0,0,0,0,0,5
P.J. Washington,washipj01,2022,PF,23,CHO,9,1,178,31,66,.470,13,30,.433,18,36,.500,.568,11,14,.786,10,28,38,11,5,8,12,13,86
Yuta Watanabe,watanyu01,2022,SF,27,TOR,1,0,14,0,3,.000,0,1,.000,0,2,.000,.000,3,4,.750,2,1,3,0,2,2,0,2,3
Trendon Watford,watfotr01,2022,F,21,POR,1,0,7,1,2,.500,0,0,,1,2,.500,.500,0,0,,0,0,0,2,0,0,0,0,2
Russell Westbrook,westbru01,2022,PG,33,LAL,21,21,762,158,361,.438,29,93,.312,129,268,.481,.478,83,118,.703,29,149,178,182,28,4,101,68,428
Coby White,whiteco01,2022,PG,21,CHI,7,1,117,18,48,.375,6,22,.273,12,26,.462,.438,1,3,.333,0,14,14,10,1,0,3,11,43
Derrick White,whitede01,2022,SG,27,SAS,18,18,561,76,197,.386,25,87,.287,51,110,.464,.449,29,35,.829,9,51,60,93,22,18,28,42,206
Hassan Whiteside,whiteha01,2022,C,32,UTA,19,0,292,53,91,.582,0,0,,53,91,.582,.582,27,38,.711,41,88,129,4,4,25,20,56,133
Joe Wieskamp,wieskjo01,2022,G,22,SAS,1,0,3,1,1,1.000,1,1,1.000,0,0,,1.500,0,0,,0,0,0,0,0,0,0,0,3
Aaron Wiggins,wiggiaa01,2022,G,23,OKC,7,1,109,7,17,.412,5,15,.333,2,2,1.000,.559,2,5,.400,1,10,11,9,3,1,7,9,21
Andrew Wiggins,wiggian01,2022,SF,26,GSW,19,19,568,138,274,.504,37,99,.374,101,175,.577,.571,55,72,.764,21,63,84,30,16,9,33,30,368
Grant Williams,willigr01,2022,PF,23,BOS,20,7,425,51,100,.510,28,68,.412,23,32,.719,.650,15,17,.882,14,55,69,23,5,11,9,35,145
Kenrich Williams,willike04,2022,SF,27,OKC,19,0,383,50,111,.450,13,39,.333,37,72,.514,.509,16,28,.571,20,47,67,33,13,3,15,33,129
Lou Williams,willilo02,2022,PG,35,ATL,15,0,190,35,89,.393,9,24,.375,26,65,.400,.444,12,13,.923,2,16,18,21,6,2,12,13,91
Patrick Williams,willipa01,2022,PF,20,CHI,5,5,125,13,23,.565,3,6,.500,10,17,.588,.630,4,4,1.000,1,10,11,3,3,2,2,9,33
Robert Williams,williro04,2022,C,24,BOS,14,14,423,59,80,.738,0,0,,59,80,.738,.738,14,23,.609,56,79,135,19,13,25,16,20,132
Ziaire Williams,willizi02,2022,SF,20,MEM,17,0,319,31,93,.333,16,64,.250,15,29,.517,.419,4,6,.667,5,21,26,11,8,6,10,30,82
Dylan Windler,windldy01,2022,SF,25,CLE,14,0,166,16,35,.457,9,23,.391,7,12,.583,.586,3,4,.750,7,21,28,16,3,2,8,17,44
Justise Winslow,winslju01,2022,SF,25,LAC,14,0,118,13,37,.351,1,8,.125,12,29,.414,.365,1,2,.500,7,25,32,13,6,5,14,11,28
Christian Wood,woodch01,2022,C,26,HOU,18,18,582,106,239,.444,27,84,.321,79,155,.510,.500,40,73,.548,31,167,198,43,10,16,36,45,279
Robert Woodard,woodaro01,2022,SF,22,SAC,1,0,3,0,0,,0,0,,0,0,,,0,0,,0,0,0,0,0,0,0,0,0
Delon Wright,wrighde01,2022,SG,29,ATL,18,0,235,16,47,.340,5,17,.294,11,30,.367,.394,10,13,.769,15,33,48,37,11,2,8,4,47
McKinley Wright IV,wrighmc01,2022,PG,23,MIN,1,0,4,1,1,1.000,1,1,1.000,0,0,,1.500,0,0,,0,0,0,0,0,0,1,0,3
Thaddeus Young,youngth01,2022,PF,33,SAS,15,0,238,51,87,.586,0,2,.000,51,85,.600,.586,5,14,.357,24,30,54,44,15,6,18,22,107
Trae Young,youngtr01,2022,PG,23,ATL,20,20,670,181,389,.465,51,132,.386,130,257,.506,.531,99,110,.900,12,60,72,183,18,2,77,34,512
Omer Yurtseven,yurtsom01,2022,C,23,MIA,11,0,36,8,14,.571,0,0,,8,14,.571,.571,3,4,.750,2,6,8,1,0,1,3,2,19
Cody Zeller,zelleco01,2022,C,29,POR,19,0,241,31,53,.585,0,4,.000,31,49,.633,.585,32,43,.744,32,45,77,16,7,3,12,38,94
Ivica Zubac,zubaciv01,2022,C,24,LAC,19,19,475,71,109,.651,0,0,,71,109,.651,.651,51,66,.773,50,112,162,25,7,17,21,38,193
